{
  "group_posts": {
    "activity_log_data": [
      {
        "timestamp": 1275251108,
        "data": [
          {
            "post": "MULRENAN"
          },
          {
            "update_timestamp": 1275251108
          }
        ],
        "title": "ACWBUYF.XYFFS posted in Cormac the irish leprechaun."
      },
      {
        "timestamp": 1274533896,
        "data": [
          {
            "comment": {
              "timestamp": 1274533896,
              "comment": "Thanks for making this page. it really puts into perspective how much we miss jonny, and how much greyer school lodge is without him. Thanks Joe",
              "author": "ACWBUYF.XYFFS",
              "group": "R.I.P our friend Jonny - Died doing what he loved most"
            }
          }
        ],
        "title": "ACWBUYF.XYFFS commented on XIY.VUQECHM's post."
      },
      {
        "timestamp": 1274533896,
        "data": [
          {
            "comment": {
              "timestamp": 1274533896,
              "comment": "Thanks for making this page. it really puts into perspective how much we miss jonny, and how much greyer school lodge is without him. Thanks Joe",
              "author": "ACWBUYF.XYFFS",
              "group": "R.I.P our friend Jonny - Died doing what he loved most"
            }
          }
        ],
        "title": "ACWBUYF.XYFFS commented on XIY.VUQECHM's post."
      },
      {
        "timestamp": 1273422071,
        "data": [
          {
            "post": "RIP. I wont forget you, with all the memories i have of you in school lodge. If there is a life after this, then i'll see you there mate."
          },
          {
            "update_timestamp": 1273422071
          }
        ],
        "title": "ACWBUYF.XYFFS posted in R.I.P our friend Jonny - Died doing what he loved most."
      },
      {
        "timestamp": 1257976892,
        "data": [
          {
            "post": "You people are strange strange kids. How are you all? Inbox me cos i am using my phone and so Facebook chat doesnt work"
          },
          {
            "update_timestamp": 1257976892
          }
        ],
        "title": "ACWBUYF.XYFFS posted in Stop talking I don't give a fuck about you."
      }
    ]
  }
}