{
  "groups_joined": [
    {
      "timestamp": 1584632257,
      "title": "You became a member of Coronavirus Support Network."
    },
    {
      "timestamp": 1581093519,
      "title": "You became a member of Osrs in Inappropriate Places."
    },
    {
      "timestamp": 1577020780,
      "title": "You became a member of Semi-Automated\u00e2\u0084\u00a2 Business-Class Radical Centrism\u00c2\u00ae."
    },
    {
      "timestamp": 1562768578,
      "title": "You became a member of We Pretend It's 2007-2012 Internet."
    },
    {
      "timestamp": 1558979832,
      "title": "You became a member of A group where we all pretend to be boomers."
    },
    {
      "timestamp": 1557152096,
      "title": "You became a member of We have murdered satire and we sit on its corpse like a throne."
    },
    {
      "timestamp": 1556488852,
      "title": "You stopped being a member of wait a minute this is not flavortown where the heck am i."
    },
    {
      "timestamp": 1556479659,
      "title": "You stopped being a member of conservatives threatening us with a good time once again."
    },
    {
      "timestamp": 1546470992,
      "title": "You stopped being a member of UK Politics Debate."
    },
    {
      "timestamp": 1546470981,
      "title": "You stopped being a member of Social Science Research Group."
    },
    {
      "timestamp": 1546470966,
      "title": "You stopped being a member of PUK Politics Group."
    },
    {
      "timestamp": 1546470956,
      "title": "You stopped being a member of The Great British Political Debate."
    },
    {
      "timestamp": 1546470881,
      "title": "You stopped being a member of See Who Visited Your Profile Today."
    },
    {
      "timestamp": 1546470791,
      "title": "You stopped being a member of Sensible Politics Debate."
    },
    {
      "timestamp": 1546470710,
      "title": "You stopped being a member of The Heart of British Politics."
    },
    {
      "timestamp": 1521579076,
      "title": "You stopped being a member of Philosophy, Psychology and Politics."
    },
    {
      "timestamp": 1519309650,
      "title": "You stopped being a member of Basketball pick-up 2015-16."
    },
    {
      "timestamp": 1517774039,
      "title": "You stopped being a member of Basketball in London."
    },
    {
      "timestamp": 1509958155,
      "title": "You stopped being a member of UK Political Forum Group."
    },
    {
      "timestamp": 1509660288,
      "title": "You stopped being a member of Kim Jong Un's Dank Meme Storage Facility."
    },
    {
      "timestamp": 1509055251,
      "title": "You stopped being a member of The Great British Political Debate."
    },
    {
      "timestamp": 1509013546,
      "title": "You stopped being a member of The Real British Politics Group."
    },
    {
      "timestamp": 1508888511,
      "title": "You stopped being a member of UK  politics."
    },
    {
      "timestamp": 1501577312,
      "title": "You stopped being a member of Young Lefty Society."
    },
    {
      "timestamp": 1501577299,
      "title": "You stopped being a member of The Labour Party Forum."
    },
    {
      "timestamp": 1501428612,
      "title": "You stopped being a member of Young Liberal Society."
    },
    {
      "timestamp": 1501428529,
      "title": "You stopped being a member of Portsmouth Politics."
    },
    {
      "timestamp": 1501428363,
      "title": "You stopped being a member of Cthulhu Estula Astoroth (politics and sociology ~ Original Authentic Forum)."
    },
    {
      "timestamp": 1501427338,
      "title": "You stopped being a member of Young Straight Society."
    },
    {
      "timestamp": 1501427262,
      "title": "You stopped being a member of Philosophy, Ethics, Politics, Sociology & Psychology."
    },
    {
      "timestamp": 1501368641,
      "title": "You became a member of Young LGBT+ Lefty Society."
    },
    {
      "timestamp": 1500988854,
      "title": "You stopped being a member of UK Conservatives Online."
    },
    {
      "timestamp": 1499681847,
      "title": "You stopped being a member of Flat Earth No Trolls."
    },
    {
      "timestamp": 1498523955,
      "title": "You stopped being a member of Identification of Music Group [IOM]."
    },
    {
      "timestamp": 1493303138,
      "title": "You became a member of London Behavioural Economics Network."
    },
    {
      "timestamp": 1492695895,
      "title": "You stopped being a member of ANCAPISTAN\u00c2\u00ae."
    },
    {
      "timestamp": 1492426217,
      "title": "You stopped being a member of Sounds weirdly specific but ok."
    },
    {
      "timestamp": 1487350359,
      "title": "You stopped being a member of Great Philosophical Problems."
    },
    {
      "timestamp": 1487082210,
      "title": "You stopped being a member of Full Communism Dank Meme Stash."
    },
    {
      "timestamp": 1484930725,
      "title": "You became a member of UC Berkeley Memes For Edgy Teens."
    },
    {
      "timestamp": 1483572180,
      "title": "You stopped being a member of Critical Mass London."
    },
    {
      "timestamp": 1480635380,
      "title": "You became a member of Payangott fan club."
    },
    {
      "timestamp": 1479776477,
      "title": "You stopped being a member of Atheist Whores."
    },
    {
      "timestamp": 1479087851,
      "title": "You stopped being a member of tSA Original."
    },
    {
      "timestamp": 1478866965,
      "title": "You became a member of Pool Squad."
    },
    {
      "timestamp": 1476113083,
      "title": "You stopped being a member of Basketball Pick Up."
    },
    {
      "timestamp": 1475605647,
      "title": "You stopped being a member of BUMS FC 2019/20."
    },
    {
      "timestamp": 1474801382,
      "title": "You became a member of Virtual Assistant Job Board \u00e2\u0080\u0094 Hire VAs & Find Remote Jobs."
    },
    {
      "timestamp": 1470648082,
      "title": "You became a member of Similar Cinema."
    },
    {
      "timestamp": 1466898913,
      "title": "You became a member of King Prawns Sevens."
    },
    {
      "timestamp": 1462832293,
      "title": "You became a member of The New Horsemen."
    },
    {
      "timestamp": 1461581741,
      "title": "You stopped being a member of David Mitchell Appreciation Society."
    },
    {
      "timestamp": 1460418365,
      "title": "You stopped being a member of Mathematics."
    },
    {
      "timestamp": 1444594074,
      "title": "You became a member of Interhalls Captains."
    },
    {
      "timestamp": 1444434872,
      "title": "You became a member of E, QB, W and N: Interhalls Basketball."
    },
    {
      "timestamp": 1444422400,
      "title": "You became a member of Interhalls Basketball: Eastwood + Quads B."
    },
    {
      "timestamp": 1440945418,
      "title": "You became a member of Eastwood A Freshers 2015."
    },
    {
      "timestamp": 1440928223,
      "title": "You became a member of Eastwood B Freshers 2015."
    },
    {
      "timestamp": 1372096150,
      "title": "You became a member of Supervisors 2013-14."
    },
    {
      "timestamp": 1369327993,
      "title": "You became a member of South America Rugby & Hockey Tour Group."
    },
    {
      "timestamp": 1368631845,
      "title": "You became a member of Kos."
    },
    {
      "timestamp": 1368049309,
      "title": "You became a member of 5 a-side Liga Brook sponsered by Welcome."
    },
    {
      "timestamp": 1352278377,
      "title": "You became a member of 1st XV."
    },
    {
      "timestamp": 1343379862,
      "title": "You became a member of Summer Camping 08-Today."
    },
    {
      "timestamp": 1339276208,
      "title": "You became a member of Rugby Season 2012."
    },
    {
      "timestamp": 1335898369,
      "title": "You became a member of Blackberry wiped- Pins& numbers please."
    },
    {
      "timestamp": 1324505164,
      "title": "You became a member of New Years."
    },
    {
      "timestamp": 1302590609,
      "title": "You became a member of Wiped everything off my phone....numbers and pins please:)."
    },
    {
      "timestamp": 1288731261,
      "title": "You became a member of Banterbry."
    }
  ]
}