{
  "page_likes": [
    {
      "name": "Project Access",
      "timestamp": 1578819094
    },
    {
      "name": "Speck&Tech",
      "timestamp": 1576569979
    },
    {
      "name": "Firefox",
      "timestamp": 1574003979
    },
    {
      "name": "Facebook Hacker Cup",
      "timestamp": 1574003974
    },
    {
      "name": "Facebook for Developers",
      "timestamp": 1574003970
    },
    {
      "name": "Facebook Data Science",
      "timestamp": 1574003968
    },
    {
      "name": "Facebook Security",
      "timestamp": 1574003966
    },
    {
      "name": "Microsoft Research",
      "timestamp": 1574003965
    },
    {
      "name": "Facebook Engineering",
      "timestamp": 1574003932
    },
    {
      "name": "Uxbridge & South Ruislip Labour Party",
      "timestamp": 1572785530
    },
    {
      "name": "Ali Milani",
      "timestamp": 1572785512
    },
    {
      "name": "Humans of the Grand Exchange",
      "timestamp": 1572300911
    },
    {
      "name": "Facebook AI",
      "timestamp": 1571528941
    },
    {
      "name": "Ned and Tom Tutoring",
      "timestamp": 1571324679
    },
    {
      "name": "Led By Donkeys",
      "timestamp": 1571214977
    },
    {
      "name": "Nikki Glaser",
      "timestamp": 1569799564
    },
    {
      "name": "Obama Foundation",
      "timestamp": 1568759652
    },
    {
      "name": "Humans of Late Capitalism",
      "timestamp": 1566940056
    },
    {
      "name": "People you may not know about, but probably should",
      "timestamp": 1565854778
    },
    {
      "name": "Vance Joy",
      "timestamp": 1565093751
    },
    {
      "name": "Mono Moose",
      "timestamp": 1564020507
    },
    {
      "name": "Sean Lock Memes",
      "timestamp": 1563829295
    },
    {
      "name": "Boobs Guns Freedom Beer and TRUMP 2: Dale Earnheart Jr\u00e2\u0080\u0099s revenge",
      "timestamp": 1562542650
    },
    {
      "name": "The Man",
      "timestamp": 1561655912
    },
    {
      "name": "Jaboukie",
      "timestamp": 1559825256
    },
    {
      "name": "Inhumans of late capitalism",
      "timestamp": 1559143808
    },
    {
      "name": "Fully Automated Luxury Gay Space Communism",
      "timestamp": 1558242339
    },
    {
      "name": "Marc Rebillet",
      "timestamp": 1558048578
    },
    {
      "name": "Jerry Seinfeld",
      "timestamp": 1553000603
    },
    {
      "name": "University Entrepreneurs",
      "timestamp": 1549400370
    },
    {
      "name": "University Data Science Society",
      "timestamp": 1549400363
    },
    {
      "name": "University Technology Society",
      "timestamp": 1549400360
    },
    {
      "name": "University Artificial Intelligence Society",
      "timestamp": 1549400357
    },
    {
      "name": "Jordan Peterson's Neverneverland Ranch for High IQ Lost Boys",
      "timestamp": 1548874440
    },
    {
      "name": "John Lennon",
      "timestamp": 1543839628
    },
    {
      "name": "Paul Chowdhry",
      "timestamp": 1543282731
    },
    {
      "name": "Dant\u00c3\u00a9 K Photography",
      "timestamp": 1542671082
    },
    {
      "name": "Pushpin",
      "timestamp": 1540244250
    },
    {
      "name": "Beto O'Rourke",
      "timestamp": 1540224152
    },
    {
      "name": "Jacobin magazine",
      "timestamp": 1539904460
    },
    {
      "name": "People's Vote UK",
      "timestamp": 1532614958
    },
    {
      "name": "A call to all citizens",
      "timestamp": 1531690122
    },
    {
      "name": "Robert Peston",
      "timestamp": 1531147144
    },
    {
      "name": "Nagy D\u00c3\u00a9nes Andr\u00c3\u00a1s",
      "timestamp": 1529817522
    },
    {
      "name": "Massimo Dutti",
      "timestamp": 1528279662
    },
    {
      "name": "Konditor",
      "timestamp": 1526664988
    },
    {
      "name": "Piled Higher and Deeper",
      "timestamp": 1525964110
    },
    {
      "name": "Peter Kyle MP",
      "timestamp": 1525218368
    },
    {
      "name": "Labour Students",
      "timestamp": 1523360862
    },
    {
      "name": "Stella Creasy",
      "timestamp": 1523360844
    },
    {
      "name": "Between the Scenes",
      "timestamp": 1521785405
    },
    {
      "name": "Brian O\u00e2\u0080\u0099Driscoll",
      "timestamp": 1521202697
    },
    {
      "name": "Talos",
      "timestamp": 1520949031
    },
    {
      "name": "Universityove",
      "timestamp": 1518792795
    },
    {
      "name": "Gabriel Gundacker",
      "timestamp": 1517068219
    },
    {
      "name": "teleSUR",
      "timestamp": 1516736094
    },
    {
      "name": "Peak Guardian",
      "timestamp": 1516636624
    },
    {
      "name": "Classic FM",
      "timestamp": 1516586999
    },
    {
      "name": "Pantera Bianca",
      "timestamp": 1515243387
    },
    {
      "name": "Stewart Lee",
      "timestamp": 1513570483
    },
    {
      "name": "Ad Sinistram",
      "timestamp": 1511461317
    },
    {
      "name": "Patriotic Millionaires",
      "timestamp": 1510353076
    },
    {
      "name": "Books I Didn't Read",
      "timestamp": 1509728464
    },
    {
      "name": "Loving Vincent",
      "timestamp": 1507594054
    },
    {
      "name": "Students Supporting Street Kids University",
      "timestamp": 1507305035
    },
    {
      "name": "University Musical Theatre Society",
      "timestamp": 1506622945
    },
    {
      "name": "University Live Music Society",
      "timestamp": 1506622817
    },
    {
      "name": "Klepper",
      "timestamp": 1506605702
    },
    {
      "name": "imara",
      "timestamp": 1504600746
    },
    {
      "name": "Left Wing Political Bible",
      "timestamp": 1503866390
    },
    {
      "name": "Mae Martin",
      "timestamp": 1502999793
    },
    {
      "name": "Aquilo",
      "timestamp": 1501974544
    },
    {
      "name": "Frances",
      "timestamp": 1501974502
    },
    {
      "name": "The Panoptic",
      "timestamp": 1501612593
    },
    {
      "name": "Bobcat In A Box",
      "timestamp": 1501062810
    },
    {
      "name": "Jeremy Corbyn",
      "timestamp": 1500849032
    },
    {
      "name": "Institute for Fiscal Studies",
      "timestamp": 1500481502
    },
    {
      "name": "Classically Classical Classics Memes",
      "timestamp": 1500240947
    },
    {
      "name": "TED-Ed",
      "timestamp": 1499633088
    },
    {
      "name": "Goalcast",
      "timestamp": 1499614680
    },
    {
      "name": "teleSUR English",
      "timestamp": 1499344054
    },
    {
      "name": "Pride in London",
      "timestamp": 1498901170
    },
    {
      "name": "BBC iPlayer",
      "timestamp": 1498493412
    },
    {
      "name": "The Colourful Garden Company",
      "timestamp": 1498486674
    },
    {
      "name": "Shit Academics Say",
      "timestamp": 1498342413
    },
    {
      "name": "University Men's Rugby Club",
      "timestamp": 1498121590
    },
    {
      "name": "Hard Drive",
      "timestamp": 1497969541
    },
    {
      "name": "TORY TRUMP CARDS",
      "timestamp": 1497815387
    },
    {
      "name": "Wholesome Comics",
      "timestamp": 1497532145
    },
    {
      "name": "LGBTQ@Facebook",
      "timestamp": 1497143067
    },
    {
      "name": "Casually Explained",
      "timestamp": 1496714783
    },
    {
      "name": "The Hard Times",
      "timestamp": 1496712176
    },
    {
      "name": "Nationalized Memes for Comrade Corbyn's Teens",
      "timestamp": 1496601109
    },
    {
      "name": "POLITICO",
      "timestamp": 1496419382
    },
    {
      "name": "Congressman Joe Kennedy III",
      "timestamp": 1496419319
    },
    {
      "name": "Andy Borowitz",
      "timestamp": 1496419158
    },
    {
      "name": "Wil Aime",
      "timestamp": 1496398322
    },
    {
      "name": "U.S. Senator Elizabeth Warren",
      "timestamp": 1495545214
    },
    {
      "name": "Economic Sociology and Political Economy",
      "timestamp": 1495373657
    },
    {
      "name": "The Economist: Thinking Space",
      "timestamp": 1495308619
    },
    {
      "name": "Mock The Week Fans",
      "timestamp": 1495113655
    },
    {
      "name": "Noam Chomsky",
      "timestamp": 1495024015
    },
    {
      "name": "December 12 Shitposting Social Club",
      "timestamp": 1494809461
    },
    {
      "name": "New Statesman",
      "timestamp": 1494784076
    },
    {
      "name": "The Labour Party",
      "timestamp": 1494784071
    },
    {
      "name": "Akala",
      "timestamp": 1494680888
    },
    {
      "name": "Financial Times",
      "timestamp": 1494536752
    },
    {
      "name": "Humans of Ancient Greece",
      "timestamp": 1494522240
    },
    {
      "name": "BBC Question Time",
      "timestamp": 1494435354
    },
    {
      "name": "LBC",
      "timestamp": 1494435349
    },
    {
      "name": "Channel 4 News Democracy",
      "timestamp": 1494435141
    },
    {
      "name": "\u00ef\u00bc\u00a4\u00ef\u00bd\u0089\u00ef\u00bd\u0093\u00ef\u00bd\u0094\u00ef\u00bd\u0095\u00ef\u00bd\u0092\u00ef\u00bd\u0082\u00ef\u00bd\u0089\u00ef\u00bd\u008e\u00ef\u00bd\u0087_\u00ef\u00bd\u0082\u00ef\u00bd\u008f\u00ef\u00bd\u008f\u00ef\u00bd\u008b\u00ef\u00bd\u0083\u00ef\u00bd\u008c\u00ef\u00bd\u0095\u00ef\u00bd\u0082",
      "timestamp": 1494374499
    },
    {
      "name": "BBC Newsnight",
      "timestamp": 1494373838
    },
    {
      "name": "The New Yorker Cartoons",
      "timestamp": 1493823659
    },
    {
      "name": "The New Yorker",
      "timestamp": 1493823657
    },
    {
      "name": "The XKCD Feed",
      "timestamp": 1492970857
    },
    {
      "name": "JOE.co.uk",
      "timestamp": 1492903763
    },
    {
      "name": "Gabriel Lindsay",
      "timestamp": 1492857647
    },
    {
      "name": "Wholesome Memes",
      "timestamp": 1492815735
    },
    {
      "name": "Dennis Skinner",
      "timestamp": 1492736184
    },
    {
      "name": "Owen Jones",
      "timestamp": 1492617470
    },
    {
      "name": "Caroline Lucas",
      "timestamp": 1492617467
    },
    {
      "name": "BBC Politics",
      "timestamp": 1492616255
    },
    {
      "name": "Romesh Ranganathan",
      "timestamp": 1492469288
    },
    {
      "name": "Kovic",
      "timestamp": 1492358337
    },
    {
      "name": "BBC",
      "timestamp": 1492262730
    },
    {
      "name": "Effective Altruism Global",
      "timestamp": 1491826764
    },
    {
      "name": "Star Wars",
      "timestamp": 1491688300
    },
    {
      "name": "80,000 Hours",
      "timestamp": 1490964991
    },
    {
      "name": "Jonah Hill",
      "timestamp": 1490680233
    },
    {
      "name": "Premier League",
      "timestamp": 1490055000
    },
    {
      "name": "God save our gracious meme",
      "timestamp": 1489976699
    },
    {
      "name": "Mathematical Memes for Logarithmically Scaled Teens",
      "timestamp": 1489973571
    },
    {
      "name": "Shappi Khorsandi",
      "timestamp": 1489946373
    },
    {
      "name": "London Varsity Series",
      "timestamp": 1489290270
    },
    {
      "name": "Nature",
      "timestamp": 1488815930
    },
    {
      "name": "University Memes for Light-Guided Teens",
      "timestamp": 1488309256
    },
    {
      "name": "QZ",
      "timestamp": 1488276514
    },
    {
      "name": "Patrick Rothfuss",
      "timestamp": 1488206107
    },
    {
      "name": "Things full of beans that shouldn't be full of beans",
      "timestamp": 1488026062
    },
    {
      "name": "The Only Way Is Still Galloway",
      "timestamp": 1488024530
    },
    {
      "name": "Rhett and Link",
      "timestamp": 1487967664
    },
    {
      "name": "Stop Funding Hate",
      "timestamp": 1487636096
    },
    {
      "name": "Yes To Ilyas",
      "timestamp": 1487551203
    },
    {
      "name": "Evonomics: The Next Evolution of Economics",
      "timestamp": 1487549517
    },
    {
      "name": "James Hamblin",
      "timestamp": 1487414023
    },
    {
      "name": "NowThis Future",
      "timestamp": 1487408400
    },
    {
      "name": "Weronika Dorociak",
      "timestamp": 1487039374
    },
    {
      "name": "Students' Union University",
      "timestamp": 1486948713
    },
    {
      "name": "DUST",
      "timestamp": 1486904636
    },
    {
      "name": "No Context Peep Show",
      "timestamp": 1486749291
    },
    {
      "name": "Nigel Ref Owens",
      "timestamp": 1486123504
    },
    {
      "name": "Thug Notes",
      "timestamp": 1485947747
    },
    {
      "name": "Very Trump Problems",
      "timestamp": 1485784091
    },
    {
      "name": "Matt Ginno",
      "timestamp": 1485625574
    },
    {
      "name": "Kim Jong-un",
      "timestamp": 1485251342
    },
    {
      "name": "Atheist Global",
      "timestamp": 1485211540
    },
    {
      "name": "Philosophy Matters",
      "timestamp": 1484923035
    },
    {
      "name": "BBC Three",
      "timestamp": 1484841260
    },
    {
      "name": "In My Newsfeed",
      "timestamp": 1484449442
    },
    {
      "name": "The Tonight Show Starring Jimmy Fallon",
      "timestamp": 1484267307
    },
    {
      "name": "Happy Place",
      "timestamp": 1484221125
    },
    {
      "name": "Memebridge",
      "timestamp": 1483746268
    },
    {
      "name": "KCL European Society",
      "timestamp": 1483664119
    },
    {
      "name": "The Philosophy Foundation",
      "timestamp": 1483621854
    },
    {
      "name": "Aeon",
      "timestamp": 1483619536
    },
    {
      "name": "Benefit fraud? I'm more concerned with corporate fraud.",
      "timestamp": 1483488215
    },
    {
      "name": "Philip DeFranco",
      "timestamp": 1482454610
    },
    {
      "name": "HOPE not hate",
      "timestamp": 1482431890
    },
    {
      "name": "Trebuchet memes",
      "timestamp": 1482375461
    },
    {
      "name": "Project Syndicate",
      "timestamp": 1482370889
    },
    {
      "name": "Google",
      "timestamp": 1482367115
    },
    {
      "name": "NASA - National Aeronautics and Space Administration",
      "timestamp": 1482367103
    },
    {
      "name": "Bill Gates",
      "timestamp": 1482367066
    },
    {
      "name": "Dave McElfatrick",
      "timestamp": 1482158658
    },
    {
      "name": "Rob DenBleyker",
      "timestamp": 1482158653
    },
    {
      "name": "Kris Wilson",
      "timestamp": 1482158645
    },
    {
      "name": "NBA",
      "timestamp": 1481568847
    },
    {
      "name": "Third Leg Studios",
      "timestamp": 1481494076
    },
    {
      "name": "Futurism",
      "timestamp": 1481492654
    },
    {
      "name": "Trust me, I'm a \"Biologist\"",
      "timestamp": 1481078453
    },
    {
      "name": "John Oliver",
      "timestamp": 1480535370
    },
    {
      "name": "BBC Culture",
      "timestamp": 1480535274
    },
    {
      "name": "BBC Worklife",
      "timestamp": 1480535271
    },
    {
      "name": "BBC iWonder",
      "timestamp": 1480535264
    },
    {
      "name": "Le Monde diplomatique in English",
      "timestamp": 1480508687
    },
    {
      "name": "EvolvePolitics",
      "timestamp": 1480501541
    },
    {
      "name": "Comedy",
      "timestamp": 1479601491
    },
    {
      "name": "Guardian Science",
      "timestamp": 1479425937
    },
    {
      "name": "The New York Times",
      "timestamp": 1479386529
    },
    {
      "name": "BBC Future",
      "timestamp": 1479383460
    },
    {
      "name": "University - School of Public Policy / Political Science",
      "timestamp": 1479077137
    },
    {
      "name": "Barack Obama",
      "timestamp": 1478624595
    },
    {
      "name": "Joe Biden",
      "timestamp": 1477849837
    },
    {
      "name": "Dank Memes Melt Steel Beams",
      "timestamp": 1477847549
    },
    {
      "name": "Political Bible",
      "timestamp": 1477582022
    },
    {
      "name": "Worldwide Bernie Sanders Supporters",
      "timestamp": 1477439899
    },
    {
      "name": "Leo Lightfoot",
      "timestamp": 1477395796
    },
    {
      "name": "ScienceAlert",
      "timestamp": 1477263641
    },
    {
      "name": "1984 - the Play",
      "timestamp": 1477007082
    },
    {
      "name": "Comemenism",
      "timestamp": 1476643064
    },
    {
      "name": "Crippling Things",
      "timestamp": 1476642822
    },
    {
      "name": "Michelle Obama",
      "timestamp": 1476525964
    },
    {
      "name": "Pexels",
      "timestamp": 1476353735
    },
    {
      "name": "Trifty - Consumer Buying Guide",
      "timestamp": 1476042604
    },
    {
      "name": "Rugbypicture",
      "timestamp": 1475933304
    },
    {
      "name": "Nick Hanauer",
      "timestamp": 1475667450
    },
    {
      "name": "University Men's Basketball",
      "timestamp": 1475324943
    },
    {
      "name": "Food Federation University",
      "timestamp": 1474976270
    },
    {
      "name": "University",
      "timestamp": 1474801382
    },
    {
      "name": "Last Week Tonight with John Oliver",
      "timestamp": 1474546997
    },
    {
      "name": "New Scientist",
      "timestamp": 1473994258
    },
    {
      "name": "Atheist Jesus Resurrected",
      "timestamp": 1473905316
    },
    {
      "name": "Godless",
      "timestamp": 1473905001
    },
    {
      "name": "Harvard Business Review",
      "timestamp": 1472860430
    },
    {
      "name": "The Wall Street Journal",
      "timestamp": 1472860423
    },
    {
      "name": "Bloomberg",
      "timestamp": 1472860312
    },
    {
      "name": "The Daily Show",
      "timestamp": 1471779739
    },
    {
      "name": "The Oatmeal",
      "timestamp": 1471649594
    },
    {
      "name": "Sassy Socialist Memes",
      "timestamp": 1471373396
    },
    {
      "name": "Greg James",
      "timestamp": 1470727920
    },
    {
      "name": "Have I Got News For You",
      "timestamp": 1468970877
    },
    {
      "name": "Philosophical Atheism",
      "timestamp": 1468572716
    },
    {
      "name": "God",
      "timestamp": 1468507663
    },
    {
      "name": "The Hacksmith",
      "timestamp": 1468453616
    },
    {
      "name": "Very British Problems",
      "timestamp": 1468412177
    },
    {
      "name": "Another Angry Voice",
      "timestamp": 1468028840
    },
    {
      "name": "Hashem Al-Ghaili",
      "timestamp": 1467580075
    },
    {
      "name": "Very Brexit Problems",
      "timestamp": 1467368755
    },
    {
      "name": "BBC News",
      "timestamp": 1467244952
    },
    {
      "name": "David G. McAfee",
      "timestamp": 1467162201
    },
    {
      "name": "Nicolas Cage as Everyone",
      "timestamp": 1467028115
    },
    {
      "name": "Sadiq Khan",
      "timestamp": 1466769616
    },
    {
      "name": "Elizabeth Warren",
      "timestamp": 1466760391
    },
    {
      "name": "Classical Art Memes",
      "timestamp": 1466636400
    },
    {
      "name": "Christopher Hitchens",
      "timestamp": 1466331401
    },
    {
      "name": "9GAG",
      "timestamp": 1466202631
    },
    {
      "name": "Frankie Boyle",
      "timestamp": 1465735138
    },
    {
      "name": "The Translator",
      "timestamp": 1465685023
    },
    {
      "name": "Pro-Vaccine Shills for Big Pharma, the Illumanati, Reptilians, and the NWO",
      "timestamp": 1464060297
    },
    {
      "name": "Loose Aussie - Alex Williamson",
      "timestamp": 1462912616
    },
    {
      "name": "Leicester City Football Club",
      "timestamp": 1462230592
    },
    {
      "name": "TechCrunch",
      "timestamp": 1462030929
    },
    {
      "name": "Elon Musk",
      "timestamp": 1462030898
    },
    {
      "name": "Quartz",
      "timestamp": 1461935421
    },
    {
      "name": "Bill Maher",
      "timestamp": 1461799885
    },
    {
      "name": "Frank Lampard",
      "timestamp": 1461759676
    },
    {
      "name": "Chelsea Football Club",
      "timestamp": 1461759674
    },
    {
      "name": "David Mitchell (actor)",
      "timestamp": 1461753356
    },
    {
      "name": "8 Out of 10 Cats",
      "timestamp": 1461753334
    },
    {
      "name": "Jimmy Carr",
      "timestamp": 1461753324
    },
    {
      "name": "Richard Ayoade",
      "timestamp": 1461753318
    },
    {
      "name": "Bill Bailey",
      "timestamp": 1461753301
    },
    {
      "name": "Dylan Moran",
      "timestamp": 1461753299
    },
    {
      "name": "Black Books",
      "timestamp": 1461753295
    },
    {
      "name": "Nihilist Memes",
      "timestamp": 1461579615
    },
    {
      "name": "Bernie Sanders",
      "timestamp": 1460983300
    },
    {
      "name": "The Atlantic",
      "timestamp": 1460978218
    },
    {
      "name": "TED",
      "timestamp": 1460481026
    },
    {
      "name": "U.S. Senator Bernie Sanders",
      "timestamp": 1460481016
    },
    {
      "name": "Studio C",
      "timestamp": 1460410053
    },
    {
      "name": "NHS for a People's Vote",
      "timestamp": 1459035929
    },
    {
      "name": "Scientists for EU",
      "timestamp": 1458946502
    },
    {
      "name": "Betron",
      "timestamp": 1457311745
    },
    {
      "name": "Conor McGregor",
      "timestamp": 1457305947
    },
    {
      "name": "Jonathan Pie",
      "timestamp": 1457122593
    },
    {
      "name": "The Economist",
      "timestamp": 1457120988
    },
    {
      "name": "Robert Downey Jr",
      "timestamp": 1457001650
    },
    {
      "name": "Richard Dawkins Foundation for Reason & Science",
      "timestamp": 1456788839
    },
    {
      "name": "Freedom From Religion Foundation",
      "timestamp": 1456788712
    },
    {
      "name": "Open Motors",
      "timestamp": 1456701811
    },
    {
      "name": "The Guardian",
      "timestamp": 1454977313
    },
    {
      "name": "Rough Roman Memes",
      "timestamp": 1454957592
    },
    {
      "name": "Existential Comics",
      "timestamp": 1454701638
    },
    {
      "name": "Ricky Gervais",
      "timestamp": 1454700695
    },
    {
      "name": "Flaw Apparel",
      "timestamp": 1453813923
    },
    {
      "name": "History In Pictures",
      "timestamp": 1453560775
    },
    {
      "name": "Halsey",
      "timestamp": 1452957579
    },
    {
      "name": "Spain's Holidays",
      "timestamp": 1452940016
    },
    {
      "name": "Emma Thompson",
      "timestamp": 1452864478
    },
    {
      "name": "THE HUNNA",
      "timestamp": 1452453322
    },
    {
      "name": "Lee Mack",
      "timestamp": 1449457003
    },
    {
      "name": "Jon Richardson",
      "timestamp": 1449456998
    },
    {
      "name": "Reginald D Hunter",
      "timestamp": 1449456996
    },
    {
      "name": "When you're at Bath Uni",
      "timestamp": 1449447605
    },
    {
      "name": "Jeremy Kaplowitz",
      "timestamp": 1449447116
    },
    {
      "name": "Bath Hat Society",
      "timestamp": 1449418555
    },
    {
      "name": "Beast",
      "timestamp": 1448836012
    },
    {
      "name": "NewsThump",
      "timestamp": 1448718304
    },
    {
      "name": "Piques",
      "timestamp": 1446834946
    },
    {
      "name": "Curtis Lepore",
      "timestamp": 1446834875
    },
    {
      "name": "The Daily Mash",
      "timestamp": 1446645473
    },
    {
      "name": "Simon Pegg",
      "timestamp": 1445529163
    },
    {
      "name": "Mesut \u00c3\u0096zil",
      "timestamp": 1445032654
    },
    {
      "name": "Depressing Meals",
      "timestamp": 1444658499
    },
    {
      "name": "BUMS Socials",
      "timestamp": 1443998405
    },
    {
      "name": "Nick Frost",
      "timestamp": 1443800417
    },
    {
      "name": "Football Community",
      "timestamp": 1443480137
    },
    {
      "name": "University of Bath Basketball",
      "timestamp": 1443473285
    },
    {
      "name": "Family Guy",
      "timestamp": 1442830650
    },
    {
      "name": "Simon Pegg",
      "timestamp": 1442830644
    },
    {
      "name": "The Tab Harvard",
      "timestamp": 1442196319
    },
    {
      "name": "Bemanic Events",
      "timestamp": 1440720302
    },
    {
      "name": "University of Bath Freshers' 2015",
      "timestamp": 1440711041
    },
    {
      "name": "Scouting For Girls",
      "timestamp": 1437665966
    },
    {
      "name": "Bipolar Sunshine",
      "timestamp": 1437665938
    },
    {
      "name": "Hudson Taylor",
      "timestamp": 1437665907
    },
    {
      "name": "Catfish and the Bottlemen",
      "timestamp": 1437665876
    },
    {
      "name": "LaCr\u00c3\u00a8me",
      "timestamp": 1437665833
    },
    {
      "name": "Antipasteria Garbatella",
      "timestamp": 1436947118
    },
    {
      "name": "Humans of New York",
      "timestamp": 1435630218
    },
    {
      "name": "Seth MacFarlane",
      "timestamp": 1433280748
    },
    {
      "name": "Transformers",
      "timestamp": 1433224021
    },
    {
      "name": "Ahmed's Bar B-Q (Kebab Van)",
      "timestamp": 1432037466
    },
    {
      "name": "Facebook",
      "timestamp": 1375878614
    },
    {
      "name": "Harlequins (rugby club)",
      "timestamp": 1375857399
    },
    {
      "name": "Blink-182",
      "timestamp": 1375827568
    },
    {
      "name": "Vaughan Music",
      "timestamp": 1367106824
    },
    {
      "name": "Oklahoma City Thunder",
      "timestamp": 1364478687
    },
    {
      "name": "Kevin Durant",
      "timestamp": 1364478675
    },
    {
      "name": "Russell Westbrook",
      "timestamp": 1364478669
    },
    {
      "name": "How I Met Your Mother",
      "timestamp": 1364478655
    },
    {
      "name": "A Song of Ice and Fire",
      "timestamp": 1364478631
    },
    {
      "name": "Harlequins Rugby Union",
      "timestamp": 1334827624
    },
    {
      "name": "Language Mood",
      "timestamp": 1320397394
    },
    {
      "name": "Gladiator",
      "timestamp": 1307541487
    },
    {
      "name": "Will Smith",
      "timestamp": 1305484227
    },
    {
      "name": "Adam Sandler",
      "timestamp": 1305484223
    },
    {
      "name": "Rihanna",
      "timestamp": 1305484019
    },
    {
      "name": "GuyMac",
      "timestamp": 1303556217
    },
    {
      "name": "Rugby union",
      "timestamp": 1302566307
    },
    {
      "name": "Non officiel\u00c2\u00a0: Richie McCaw",
      "timestamp": 1292004247
    },
    {
      "name": "Misfits",
      "timestamp": 1292004030
    },
    {
      "name": "Inception",
      "timestamp": 1292004029
    },
    {
      "name": "Linkin Park",
      "timestamp": 1292004028
    },
    {
      "name": "I can't believe a GIRL did this because of Justin Bieber",
      "timestamp": 1291391493
    },
    {
      "name": "Basketball",
      "timestamp": 1272876797
    },
    {
      "name": "Eating",
      "timestamp": 1272663462
    }
  ]
}