{
  "events_invited": [
    {
      "name": "Birthday \u00f0\u009f\u00a5\u00b3",
      "start_timestamp": 1593889200,
      "end_timestamp": 0
    },
    {
      "name": "Tori\u00e2\u0080\u0099s & Olivia\u00e2\u0080\u0099s Birthday \u00f0\u009f\u00a4\u0096",
      "start_timestamp": 1585411200,
      "end_timestamp": 0
    },
    {
      "name": "Fight Night Bath - Part IV",
      "start_timestamp": 1585333800,
      "end_timestamp": 1585348200
    },
    {
      "name": "London Varsity Series 2020 - Rugby",
      "start_timestamp": 1584030600,
      "end_timestamp": 1584045000
    },
    {
      "name": "A Clockwork Orange by University Drama Society & Stage Crew",
      "start_timestamp": 1583436600,
      "end_timestamp": 1583443800
    },
    {
      "name": "The Original Abba vs Queen Party - Colours Hoxton",
      "start_timestamp": 1583013600,
      "end_timestamp": 1583028000
    },
    {
      "name": "Ministry Sessions w/ Solardo b2b Nic Fanciulli, SOSA",
      "start_timestamp": 1582826400,
      "end_timestamp": 1582840800
    },
    {
      "name": "East Ferry 2: Electric Boogaloo",
      "start_timestamp": 1582401600,
      "end_timestamp": 1582430400
    },
    {
      "name": "Bradinator64's Alt+F4 Cancer 24 Hour Gaming Marathon",
      "start_timestamp": 1582372800,
      "end_timestamp": 1582459200
    },
    {
      "name": "Soul Of A Movement: Screening & Panel Discussion",
      "start_timestamp": 1582225200,
      "end_timestamp": 1582236000
    },
    {
      "name": "G&V (no red wine)",
      "start_timestamp": 1580590800,
      "end_timestamp": 0
    },
    {
      "name": "Lost in the Manor: Adannay / Pushpin / Navina",
      "start_timestamp": 1578598200,
      "end_timestamp": 1578610800
    },
    {
      "name": "DCxST NYE HALF BIRTHDAY PARTY",
      "start_timestamp": 1577826000,
      "end_timestamp": 1577847600
    },
    {
      "name": "Big Game 12 with Foz & Friends",
      "start_timestamp": 1577534400,
      "end_timestamp": 0
    },
    {
      "name": "Pushpin at The Islington",
      "start_timestamp": 1576350000,
      "end_timestamp": 1576364400
    },
    {
      "name": "Charity Mulled Wine Stall",
      "start_timestamp": 1576168200,
      "end_timestamp": 1576180800
    },
    {
      "name": "University Eulogy",
      "start_timestamp": 1576092600,
      "end_timestamp": 0
    },
    {
      "name": "Workshop: How to pitch a startup",
      "start_timestamp": 1572890400,
      "end_timestamp": 1572894900
    },
    {
      "name": "Pushpin sings the blues live on the internet",
      "start_timestamp": 1572555600,
      "end_timestamp": 1572557400
    },
    {
      "name": "Kitchen Sync: XI (Simo Cell)",
      "start_timestamp": 1571434200,
      "end_timestamp": 1571450400
    },
    {
      "name": "England vs France",
      "start_timestamp": 1570860000,
      "end_timestamp": 1570881600
    },
    {
      "name": "Art Of Dark - Terrace Party w/ tINI, Binh, Phone Traxxx + more",
      "start_timestamp": 1570305600,
      "end_timestamp": 1570341600
    },
    {
      "name": "Got It For Cheap & Velvet Ropes: London",
      "start_timestamp": 1570266000,
      "end_timestamp": 1570302000
    },
    {
      "name": "Campaign Lab General Election Emergency Hack Day",
      "start_timestamp": 1569661200,
      "end_timestamp": 1569700800
    },
    {
      "name": "All You Need Is Love? | Camden People's Theatre",
      "start_timestamp": 1569175200,
      "end_timestamp": 1569178800
    },
    {
      "name": "Cham, Lydia and Martin\u00e2\u0080\u0099s joint birthday bash",
      "start_timestamp": 1567260000,
      "end_timestamp": 0
    },
    {
      "name": "More Time Records at Rye Wax: Leila Samir Takeover",
      "start_timestamp": 1565992800,
      "end_timestamp": 1566014400
    },
    {
      "name": "Preservation",
      "start_timestamp": 1564074000,
      "end_timestamp": 1564326000
    },
    {
      "name": "GRADUATION BABY",
      "start_timestamp": 1563994800,
      "end_timestamp": 0
    },
    {
      "name": "Brixton Up For Grabs",
      "start_timestamp": 1561208400,
      "end_timestamp": 0
    },
    {
      "name": "NLTS : LIVE - Underjoy, Catalina Skies + Pushpin",
      "start_timestamp": 1557513000,
      "end_timestamp": 1557525600
    },
    {
      "name": "Pushpin - London AAA Live",
      "start_timestamp": 1556301600,
      "end_timestamp": 1556319600
    },
    {
      "name": "HOT VOX Presents: Matt Ginno at The Spice Of Life",
      "start_timestamp": 1555696800,
      "end_timestamp": 1555700400
    },
    {
      "name": "Substance at the Spice of Life - featuring Piqued Jacks",
      "start_timestamp": 1555178400,
      "end_timestamp": 1555195500
    },
    {
      "name": "Forever Fridays // Bridge And Boujee - Hip Hop Takeover",
      "start_timestamp": 1554499800,
      "end_timestamp": 1554516000
    },
    {
      "name": "Live Music: Pushpin",
      "start_timestamp": 1553893200,
      "end_timestamp": 1553900400
    },
    {
      "name": "Fight Night Bath - Part II",
      "start_timestamp": 1553885100,
      "end_timestamp": 1553899500
    },
    {
      "name": "Ten Zero One: BIFTB, Pushpin, Ina Ina",
      "start_timestamp": 1553196600,
      "end_timestamp": 1553209200
    },
    {
      "name": "Battle of the Bands - FINAL",
      "start_timestamp": 1553193900,
      "end_timestamp": 1553209200
    },
    {
      "name": "Championship Game: University vs Westminster",
      "start_timestamp": 1553111100,
      "end_timestamp": 1553117400
    },
    {
      "name": "Battle of the Bands HEAT 2",
      "start_timestamp": 1552939200,
      "end_timestamp": 0
    },
    {
      "name": "SAVAGE Showcase and Blue Print Launch",
      "start_timestamp": 1552935600,
      "end_timestamp": 1552948200
    },
    {
      "name": "Battle of the Bands HEAT 1",
      "start_timestamp": 1552593600,
      "end_timestamp": 1552604400
    },
    {
      "name": "Europe on the brink of elections - reforming the European Union",
      "start_timestamp": 1552580100,
      "end_timestamp": 1552584600
    },
    {
      "name": "University Live Music Society Presents: The Print Room Gig",
      "start_timestamp": 1552329000,
      "end_timestamp": 1552338000
    },
    {
      "name": "Will's Birthday Bash! :D",
      "start_timestamp": 1552071600,
      "end_timestamp": 0
    },
    {
      "name": "Final Open Mic of Term 2!",
      "start_timestamp": 1551382200,
      "end_timestamp": 1551394800
    },
    {
      "name": "The Boat Ball",
      "start_timestamp": 1551380400,
      "end_timestamp": 1551481200
    },
    {
      "name": "Type One Tea Party",
      "start_timestamp": 1551369600,
      "end_timestamp": 1551376800
    },
    {
      "name": "UniversityIS x Opium: After Dark Social",
      "start_timestamp": 1551218400,
      "end_timestamp": 1551236400
    },
    {
      "name": "A Scandal In Bloomsbury - An Improvised Murder Mystery",
      "start_timestamp": 1550950200,
      "end_timestamp": 1550957400
    },
    {
      "name": "From Opera to Cinema - Greenpeace & University Concert",
      "start_timestamp": 1550865600,
      "end_timestamp": 1550871000
    },
    {
      "name": "AMPSoc x Saatchi & Saatchi",
      "start_timestamp": 1550772000,
      "end_timestamp": 1550777400
    },
    {
      "name": "AMPSoc x J\u00c3\u00a4germeister: Branding and Marketing (free J\u00c3\u00a4ger!)",
      "start_timestamp": 1550599200,
      "end_timestamp": 1550602800
    },
    {
      "name": "University Live Music Society Presents: The Dublin Castle Gig",
      "start_timestamp": 1550516400,
      "end_timestamp": 0
    },
    {
      "name": "Dead or Alive presents Pushpin",
      "start_timestamp": 1550267100,
      "end_timestamp": 1550268900
    },
    {
      "name": "Flower Up x Garmhaus Presents: Mental Health Guerrilla Fashion",
      "start_timestamp": 1549195200,
      "end_timestamp": 1549216800
    },
    {
      "name": "Quarter Century Dantz",
      "start_timestamp": 1548700200,
      "end_timestamp": 1548720000
    },
    {
      "name": "Louis Carr Memorial Tournament",
      "start_timestamp": 1548445500,
      "end_timestamp": 1548453600
    },
    {
      "name": "The Cav Presents: TheOrnamentBirds//Nerves//Pushpin//RYSE",
      "start_timestamp": 1548444600,
      "end_timestamp": 1548457200
    },
    {
      "name": "Rhapsody 2019",
      "start_timestamp": 1548358200,
      "end_timestamp": 1548531000
    },
    {
      "name": "More Time Records at Rye Wax [003]",
      "start_timestamp": 1547762400,
      "end_timestamp": 1547778600
    },
    {
      "name": "Costas Kyriacou - Teach First Partnership",
      "start_timestamp": 1547748000,
      "end_timestamp": 1547751600
    },
    {
      "name": "Team University Mental Health Awareness Evening",
      "start_timestamp": 1547747100,
      "end_timestamp": 1547750700
    },
    {
      "name": "First Live Music Society Open Mic Night of Term 2!",
      "start_timestamp": 1547492400,
      "end_timestamp": 1547506800
    },
    {
      "name": "Substance at The Spice of Life",
      "start_timestamp": 1546714800,
      "end_timestamp": 1546731900
    },
    {
      "name": "Treehouse: The Last Dance",
      "start_timestamp": 1546034400,
      "end_timestamp": 1546059600
    },
    {
      "name": "Pushpin /// The Islington",
      "start_timestamp": 1545342300,
      "end_timestamp": 1545345000
    },
    {
      "name": "Live Music Society: Bloomsbury Sessions - Auditions",
      "start_timestamp": 1544716800,
      "end_timestamp": 1544821200
    },
    {
      "name": "History Soc Xmas Ball",
      "start_timestamp": 1544475600,
      "end_timestamp": 1544493600
    },
    {
      "name": "University Live Music Society Presents: Christmas Albany",
      "start_timestamp": 1544468400,
      "end_timestamp": 1544482800
    },
    {
      "name": "University TranscenDance!",
      "start_timestamp": 1544263200,
      "end_timestamp": 1544292000
    },
    {
      "name": "Keepin Music Live at Roadtrip & Work feat. Dirty Little Liars +",
      "start_timestamp": 1544209200,
      "end_timestamp": 1544223600
    },
    {
      "name": "PPE JAzz",
      "start_timestamp": 1543957200,
      "end_timestamp": 0
    },
    {
      "name": "University EFS Christmas Ball 2018",
      "start_timestamp": 1543863600,
      "end_timestamp": 1543885200
    },
    {
      "name": "FINAL Open Mic Night of Term 1 (Advance Sign-Ups Available)",
      "start_timestamp": 1543518000,
      "end_timestamp": 1543532400
    },
    {
      "name": "Charity Mulled Wine Stall",
      "start_timestamp": 1543507200,
      "end_timestamp": 1543521600
    },
    {
      "name": "University CATS Fundraiser",
      "start_timestamp": 1543260600,
      "end_timestamp": 1543275000
    },
    {
      "name": "Flower Up at Spitalfields",
      "start_timestamp": 1543057200,
      "end_timestamp": 1543165200
    },
    {
      "name": "Live Music at The Union Bar",
      "start_timestamp": 1543004100,
      "end_timestamp": 1543057200
    },
    {
      "name": "Live Music Goes To: The Big Easy",
      "start_timestamp": 1542997800,
      "end_timestamp": 1543008600
    },
    {
      "name": "Diary Of A Scoundrel at Rose Bruford College",
      "start_timestamp": 1542913200,
      "end_timestamp": 1543096800
    },
    {
      "name": "back to penryn",
      "start_timestamp": 1542402000,
      "end_timestamp": 0
    },
    {
      "name": "Movember 5-A-Side",
      "start_timestamp": 1542398400,
      "end_timestamp": 1542402000
    },
    {
      "name": "Israel: Beyond the Headlines",
      "start_timestamp": 1542306600,
      "end_timestamp": 1542312000
    },
    {
      "name": "LIVE SHOWCASE",
      "start_timestamp": 1542226500,
      "end_timestamp": 1542236400
    },
    {
      "name": "HOT VOX Presents: Matt Ginno at The Bedford Tavern",
      "start_timestamp": 1542136500,
      "end_timestamp": 1542141000
    },
    {
      "name": "NOT MY BDAY PARTY BUT STILL",
      "start_timestamp": 1541277000,
      "end_timestamp": 0
    },
    {
      "name": "The Cav Presents: HAWXX//Pushpin//Mystical State//Mike Nisbet",
      "start_timestamp": 1541275200,
      "end_timestamp": 1541286000
    },
    {
      "name": "Movember Pub Quiz at Phineas Bar",
      "start_timestamp": 1541102400,
      "end_timestamp": 1541109600
    },
    {
      "name": "University National Societies Football Tournament",
      "start_timestamp": 1540727100,
      "end_timestamp": 1540738800
    },
    {
      "name": "Propaganda's Halloween Spooktacular",
      "start_timestamp": 1540675800,
      "end_timestamp": 1540695600
    },
    {
      "name": "University O2 Touch at Regents Park",
      "start_timestamp": 1540645200,
      "end_timestamp": 1540652400
    },
    {
      "name": "G-A-Y Porn Idol Guest Judge Monet X Change",
      "start_timestamp": 1540504800,
      "end_timestamp": 1540522800
    },
    {
      "name": "After en 7030 Bar",
      "start_timestamp": 1539900000,
      "end_timestamp": 1539914400
    },
    {
      "name": "More Time Records at Rye Wax [002]",
      "start_timestamp": 1539896400,
      "end_timestamp": 1539912600
    },
    {
      "name": "AMPsoc with AMV BBDO - Introduction to grad scheme and careers",
      "start_timestamp": 1539016200,
      "end_timestamp": 1539019800
    },
    {
      "name": "Discover Bloomsbury Capital - Meet the Committee!",
      "start_timestamp": 1538758800,
      "end_timestamp": 1538762400
    },
    {
      "name": "SWiTCH at the forum - house, tech, techno",
      "start_timestamp": 1532804400,
      "end_timestamp": 1532822400
    },
    {
      "name": "Provisional Grades partyy",
      "start_timestamp": 1530990000,
      "end_timestamp": 0
    },
    {
      "name": "Laidlaw Picnic ",
      "start_timestamp": 1529690400,
      "end_timestamp": 0
    },
    {
      "name": "Firstival 2018",
      "start_timestamp": 1528552800,
      "end_timestamp": 0
    },
    {
      "name": "The Respectable \"Bespectacled Spectacle Fun Receptacle\" Festival",
      "start_timestamp": 1528488000,
      "end_timestamp": 0
    },
    {
      "name": "Societies Colours Reception",
      "start_timestamp": 1528132500,
      "end_timestamp": 1528146000
    },
    {
      "name": "Young Pretenders at Summer Social 2018",
      "start_timestamp": 1527937200,
      "end_timestamp": 1527976800
    },
    {
      "name": "Cricket Summer Varsity 2018",
      "start_timestamp": 1527859800,
      "end_timestamp": 1527879600
    },
    {
      "name": "Live Music presents: Open Mic Night! (Last of the year!)",
      "start_timestamp": 1527789600,
      "end_timestamp": 1527804000
    },
    {
      "name": "University Conservatives Trip to Paris",
      "start_timestamp": 1527444000,
      "end_timestamp": 1527627600
    },
    {
      "name": "Live Music presents: The Summer Albany Gig!",
      "start_timestamp": 1527183000,
      "end_timestamp": 1527204600
    },
    {
      "name": "Delphian Open Call - Private View",
      "start_timestamp": 1525372200,
      "end_timestamp": 1525383000
    },
    {
      "name": "Tim Cullen pres SWiTCH at The Forum",
      "start_timestamp": 1523646000,
      "end_timestamp": 1523664000
    },
    {
      "name": "Vybz: End of Term Easter Party",
      "start_timestamp": 1521842400,
      "end_timestamp": 1521856800
    },
    {
      "name": "Tilda's (early) 21st",
      "start_timestamp": 1521835200,
      "end_timestamp": 1521860400
    },
    {
      "name": "Anne Perry: Literary Publishing in the Era of Social Media",
      "start_timestamp": 1521655200,
      "end_timestamp": 1521662400
    },
    {
      "name": "God in the Lab: curiosity, awe and the meaning of life",
      "start_timestamp": 1521140400,
      "end_timestamp": 1521144900
    },
    {
      "name": "Maz and Duncan turn Twentay and Twentay 1",
      "start_timestamp": 1520541000,
      "end_timestamp": 0
    },
    {
      "name": "Nicolas Reuttner - Finalta Director",
      "start_timestamp": 1520532000,
      "end_timestamp": 1520537400
    },
    {
      "name": "AGM",
      "start_timestamp": 1520359200,
      "end_timestamp": 1520362800
    },
    {
      "name": "157a try to host a soir\u00c3\u00a9e",
      "start_timestamp": 1520022600,
      "end_timestamp": 0
    },
    {
      "name": "Electra - Presented by University Drama Society",
      "start_timestamp": 1519932600,
      "end_timestamp": 1520112600
    },
    {
      "name": "The Sea: Play",
      "start_timestamp": 1519932600,
      "end_timestamp": 1520112600
    },
    {
      "name": "Let's Get It Darted",
      "start_timestamp": 1519495200,
      "end_timestamp": 0
    },
    {
      "name": "Rhapsody 2018: A Live Music Show",
      "start_timestamp": 1519414200,
      "end_timestamp": 1519509600
    },
    {
      "name": "BBC Economics Editor - Kamal Ahmed",
      "start_timestamp": 1519304400,
      "end_timestamp": 1519308000
    },
    {
      "name": "SDGs 3 years on. An insider's view.",
      "start_timestamp": 1519239600,
      "end_timestamp": 1519248600
    },
    {
      "name": "The Future of the Korean Peninsula (followed by the reception)",
      "start_timestamp": 1519236900,
      "end_timestamp": 1519241400
    },
    {
      "name": "Consultancy's Finest: a 2 Day Masterclass",
      "start_timestamp": 1519064100,
      "end_timestamp": 1519156800
    },
    {
      "name": "IDEAS Film Festival: Rethinking Development",
      "start_timestamp": 1519063200,
      "end_timestamp": 1519419600
    },
    {
      "name": "N7 Sessions Vi\u00c3\u00b8lets/Bloom Twins/F.O.X/Cherryade/Arcaves/CHUNG",
      "start_timestamp": 1518807600,
      "end_timestamp": 1518832800
    },
    {
      "name": "Kabantu Album Launch @ Rich Mix",
      "start_timestamp": 1518120000,
      "end_timestamp": 1518130800
    },
    {
      "name": "EFS Beer Pong",
      "start_timestamp": 1518116400,
      "end_timestamp": 1518136200
    },
    {
      "name": "Live Music presents: The Open Mic Night!",
      "start_timestamp": 1518114600,
      "end_timestamp": 1518130800
    },
    {
      "name": "Case study session #4",
      "start_timestamp": 1518112800,
      "end_timestamp": 1518118200
    },
    {
      "name": "Jimmy Choo CEO - Reaching New Heights",
      "start_timestamp": 1517940000,
      "end_timestamp": 1517945400
    },
    {
      "name": "Charity Anniversary Ball 2018",
      "start_timestamp": 1517857200,
      "end_timestamp": 1517882400
    },
    {
      "name": "Stone Age Barbers @ PRINT ROOM",
      "start_timestamp": 1516993200,
      "end_timestamp": 1516996800
    },
    {
      "name": "Draho\u00c5\u00a1 or Zeman: What future for the Czech Republic?",
      "start_timestamp": 1516818600,
      "end_timestamp": 1516824000
    },
    {
      "name": "Vote to Help End Sexual Harassment on Our Campus",
      "start_timestamp": 1516730400,
      "end_timestamp": 1516734000
    },
    {
      "name": "Auditions: 'The Sea'",
      "start_timestamp": 1516183200,
      "end_timestamp": 1516294800
    },
    {
      "name": "The EU and its NUniversityear Dilemma",
      "start_timestamp": 1516127400,
      "end_timestamp": 1516132800
    },
    {
      "name": "Shaping the EU's Future: Working as a MEP, with Seb Dance",
      "start_timestamp": 1515693600,
      "end_timestamp": 1515699000
    },
    {
      "name": "NOEXCUSE NYE | Egg London",
      "start_timestamp": 1514754000,
      "end_timestamp": 1514800800
    },
    {
      "name": "Treehouse's 3rd Birthday with Luca Lozano",
      "start_timestamp": 1514412000,
      "end_timestamp": 1514433600
    },
    {
      "name": "Christmas Party and Tiddlywinks Tournament",
      "start_timestamp": 1513965600,
      "end_timestamp": 1513987140
    },
    {
      "name": "Acoustic Lates Sessions Vol.5 - Vi\u00c3\u00b8lets + Kerri Watt",
      "start_timestamp": 1513278000,
      "end_timestamp": 1513290600
    },
    {
      "name": "RENT presented by University Musical Theatre and University Stage Crew",
      "start_timestamp": 1512675000,
      "end_timestamp": 1512856800
    },
    {
      "name": "Live Music Presents: Open Mic Night!",
      "start_timestamp": 1512673200,
      "end_timestamp": 1512687600
    },
    {
      "name": "London Universities Modest Fashion Show (LUMFS)",
      "start_timestamp": 1512673200,
      "end_timestamp": 1512684000
    },
    {
      "name": "Disinformation, Conflict, and Development: Panel discussion",
      "start_timestamp": 1512585000,
      "end_timestamp": 1512590400
    },
    {
      "name": "University EFS Christmas Ball 2017",
      "start_timestamp": 1512414000,
      "end_timestamp": 1512435600
    },
    {
      "name": "University Live Music Presents: The Christmas Albany Gig!",
      "start_timestamp": 1512412200,
      "end_timestamp": 1512432000
    },
    {
      "name": "Modern Conflicts in Europe: A reporter's view with Owen Matthews",
      "start_timestamp": 1512410400,
      "end_timestamp": 1512415800
    },
    {
      "name": "Executive Director of McLaren: Zak Brown",
      "start_timestamp": 1512410400,
      "end_timestamp": 1512415800
    },
    {
      "name": "Charity Gig @ Mews",
      "start_timestamp": 1512070200,
      "end_timestamp": 1512079200
    },
    {
      "name": "Howard Smith: Operations Director of Crossrail",
      "start_timestamp": 1512064800,
      "end_timestamp": 1512070200
    },
    {
      "name": "Accenture Case Study",
      "start_timestamp": 1511805600,
      "end_timestamp": 1511811000
    },
    {
      "name": "GLG Careers Event",
      "start_timestamp": 1511805600,
      "end_timestamp": 1511809200
    },
    {
      "name": "University Live Music Society goes to see Fiesta!",
      "start_timestamp": 1511638200,
      "end_timestamp": 1511652600
    },
    {
      "name": "Club CloseUp: Tsar B + Support (w/ Jagermeister)",
      "start_timestamp": 1511552700,
      "end_timestamp": 1511561700
    },
    {
      "name": "How can we strengthen a European identity and refute populism?",
      "start_timestamp": 1511289000,
      "end_timestamp": 1511292600
    },
    {
      "name": "Extraordinary General Assembly",
      "start_timestamp": 1511287200,
      "end_timestamp": 1511294400
    },
    {
      "name": "CEO of Aggreko: Chris Weston",
      "start_timestamp": 1511285400,
      "end_timestamp": 1511292600
    },
    {
      "name": "Stuart Roden - Lansdowne Partners Chairman",
      "start_timestamp": 1511202600,
      "end_timestamp": 1511206200
    },
    {
      "name": "Inside Consulting & its applications",
      "start_timestamp": 1510855200,
      "end_timestamp": 1510860600
    },
    {
      "name": "Brian Conroy - President of Fidelity International",
      "start_timestamp": 1510853400,
      "end_timestamp": 1510858800
    },
    {
      "name": "Simon-Kucher Case Study",
      "start_timestamp": 1510596000,
      "end_timestamp": 1510601400
    },
    {
      "name": "Bath vs Exeter: BUCS Division 1 Basketball",
      "start_timestamp": 1510146000,
      "end_timestamp": 1510151400
    },
    {
      "name": "SEX ED w/ Leading Women x Men's Rugby",
      "start_timestamp": 1509478200,
      "end_timestamp": 1509485400
    },
    {
      "name": "Mansion Digs Housewarming",
      "start_timestamp": 1509130800,
      "end_timestamp": 0
    },
    {
      "name": "White Kite at Ace Hotel",
      "start_timestamp": 1508956200,
      "end_timestamp": 1508968800
    },
    {
      "name": "Live Music Society's EGM!",
      "start_timestamp": 1508866200,
      "end_timestamp": 1508871600
    },
    {
      "name": "Oliver Wyman LGBTQ Presentation",
      "start_timestamp": 1508864400,
      "end_timestamp": 1508871600
    },
    {
      "name": "University Analyst Panel",
      "start_timestamp": 1508778000,
      "end_timestamp": 1508781600
    },
    {
      "name": "Bath vs UWE: Post-happy hour basketball",
      "start_timestamp": 1508526900,
      "end_timestamp": 1508532300
    },
    {
      "name": "Coryndon Bell and Ben Levett at The Print Room Caf\u00c3\u00a9",
      "start_timestamp": 1508524200,
      "end_timestamp": 1508529600
    },
    {
      "name": "Goldman Sachs Skills Session - The Art of Self-Promotion",
      "start_timestamp": 1508405400,
      "end_timestamp": 1508414400
    },
    {
      "name": "NoExcuse [ADE Showcase]",
      "start_timestamp": 1508360400,
      "end_timestamp": 1508382000
    },
    {
      "name": "Craig Kreeger - Virgin Atlantic CEO",
      "start_timestamp": 1508173200,
      "end_timestamp": 1508176800
    },
    {
      "name": "McKinsey University Campus Presentation",
      "start_timestamp": 1507913100,
      "end_timestamp": 1507924800
    },
    {
      "name": "Meet the Committee",
      "start_timestamp": 1507570200,
      "end_timestamp": 1507577400
    },
    {
      "name": "In The Picture - A Night of Celebrating Women In Music",
      "start_timestamp": 1507230000,
      "end_timestamp": 1507243500
    },
    {
      "name": "Meet the Committee",
      "start_timestamp": 1507222800,
      "end_timestamp": 1507230000
    },
    {
      "name": "Meet the Committee - Welcome Drinks",
      "start_timestamp": 1507222800,
      "end_timestamp": 1507230000
    },
    {
      "name": "Evening with Deliveroo",
      "start_timestamp": 1507220100,
      "end_timestamp": 1507224600
    },
    {
      "name": "Spring Week Panel",
      "start_timestamp": 1507204800,
      "end_timestamp": 1507208400
    },
    {
      "name": "Meet and Greet",
      "start_timestamp": 1507140000,
      "end_timestamp": 1507147200
    },
    {
      "name": "University HIP HOP & RnB X EMS SNEAK at XOYO",
      "start_timestamp": 1507060800,
      "end_timestamp": 1507082400
    },
    {
      "name": "Hommo Play auditions",
      "start_timestamp": 1506772800,
      "end_timestamp": 1506865500
    },
    {
      "name": "La Fiesta is back!",
      "start_timestamp": 1506459600,
      "end_timestamp": 1506474000
    },
    {
      "name": "London Freshers Week 2017",
      "start_timestamp": 1506207600,
      "end_timestamp": 1506726000
    },
    {
      "name": "Freshers Club Crawl! Access All Areas - 6 Clubs, 1 Ticket | \u00c2\u00a37!",
      "start_timestamp": 1505505600,
      "end_timestamp": 1505527200
    },
    {
      "name": "FIGHT",
      "start_timestamp": 1503801000,
      "end_timestamp": 0
    },
    {
      "name": "O\u00c3\u00b9 est la crevette",
      "start_timestamp": 1503151200,
      "end_timestamp": 0
    },
    {
      "name": "Obscurely Prophetic",
      "start_timestamp": 1501785000,
      "end_timestamp": 1501794000
    },
    {
      "name": "WAX at The Sussex Arms - In Vogue Release",
      "start_timestamp": 1501264800,
      "end_timestamp": 1501279200
    },
    {
      "name": "Treehouse Rooftop Day Party w/ Habibi Funk",
      "start_timestamp": 1500825600,
      "end_timestamp": 1500858000
    },
    {
      "name": "CAMPING 10",
      "start_timestamp": 1500206400,
      "end_timestamp": 1500735600
    },
    {
      "name": "Treehouse Summer Boogie w/ Seb Wildblood + Al Dobson Jr",
      "start_timestamp": 1498770000,
      "end_timestamp": 1498786200
    },
    {
      "name": "Goodbye",
      "start_timestamp": 1497643200,
      "end_timestamp": 0
    },
    {
      "name": "Inspiring Entrepreneurs: Brilliant Brands",
      "start_timestamp": 1497549600,
      "end_timestamp": 1497558600
    },
    {
      "name": "Treehouse Presents Madam X + Laksa",
      "start_timestamp": 1497474000,
      "end_timestamp": 1497492000
    },
    {
      "name": "Nick Clegg leaving BBQ ",
      "start_timestamp": 1497028500,
      "end_timestamp": 0
    },
    {
      "name": "The Ramsay Ball 2017",
      "start_timestamp": 1496606400,
      "end_timestamp": 1496628000
    },
    {
      "name": "F*CK ME IT'S Summer! End of Exams Foam Party! This Friday!",
      "start_timestamp": 1496437200,
      "end_timestamp": 1496462400
    },
    {
      "name": "Deep Discs x Treehouse w/Chaos in the CBD + Borrowed Identity",
      "start_timestamp": 1496350800,
      "end_timestamp": 1496376000
    },
    {
      "name": "UniversityU Sports Colours and Awards Ball 2017",
      "start_timestamp": 1496336400,
      "end_timestamp": 1496358000
    },
    {
      "name": "Royal Holloway New Library Public Opening",
      "start_timestamp": 1496314800,
      "end_timestamp": 1496343600
    },
    {
      "name": "Vacations in Europe summer garden party",
      "start_timestamp": 1495893600,
      "end_timestamp": 1495904400
    },
    {
      "name": "Connaught Hall annual photo ",
      "start_timestamp": 1495816200,
      "end_timestamp": 0
    },
    {
      "name": "Study Sesh+ Exam Detox",
      "start_timestamp": 1495566000,
      "end_timestamp": 1495576800
    },
    {
      "name": "Coming out",
      "start_timestamp": 1495159200,
      "end_timestamp": 0
    },
    {
      "name": "Eurovision 2017",
      "start_timestamp": 1494702000,
      "end_timestamp": 1494723600
    },
    {
      "name": "getting mad CRUNK with my m8s",
      "start_timestamp": 1494615600,
      "end_timestamp": 0
    },
    {
      "name": "Bath Uni 3v3 Tournament Basketball",
      "start_timestamp": 1493546400,
      "end_timestamp": 1493557200
    },
    {
      "name": "Your Mum's House x Easter Warehouse Takeover! w/ Stefflon Don",
      "start_timestamp": 1492113600,
      "end_timestamp": 1492138800
    },
    {
      "name": "KMT Presents: Parade",
      "start_timestamp": 1490810400,
      "end_timestamp": 1490994000
    },
    {
      "name": "Colchester Grammar School Year 9 Disco",
      "start_timestamp": 1490380200,
      "end_timestamp": 0
    },
    {
      "name": "End of Year Showcase",
      "start_timestamp": 1490122800,
      "end_timestamp": 1490133600
    },
    {
      "name": "UCOpera presents Verdi's Aroldo",
      "start_timestamp": 1490038200,
      "end_timestamp": 1490479200
    },
    {
      "name": "Steph's 19th!",
      "start_timestamp": 1489867200,
      "end_timestamp": 0
    },
    {
      "name": "University Varsity 2017 Official Afterparty",
      "start_timestamp": 1489789800,
      "end_timestamp": 1489809600
    },
    {
      "name": "Connaught St Patrick's Day",
      "start_timestamp": 1489780800,
      "end_timestamp": 1489791600
    },
    {
      "name": "WinF x BizSoc AGM",
      "start_timestamp": 1489683600,
      "end_timestamp": 1489690800
    },
    {
      "name": "AGM of Diplomacy in Action Society",
      "start_timestamp": 1489583700,
      "end_timestamp": 1489586400
    },
    {
      "name": "2017 Intercollegiate Finance Panel: Risks & Opportunities",
      "start_timestamp": 1489514400,
      "end_timestamp": 1489519800
    },
    {
      "name": "Throw a Sponge at LSE Women's Rugby!",
      "start_timestamp": 1489494600,
      "end_timestamp": 1489503600
    },
    {
      "name": "KCL vs University charity rugby game",
      "start_timestamp": 1489327200,
      "end_timestamp": 1489338000
    },
    {
      "name": "Will's 21st Black Tie Dinner Party",
      "start_timestamp": 1489258800,
      "end_timestamp": 0
    },
    {
      "name": "Annual Case Challenge",
      "start_timestamp": 1489226400,
      "end_timestamp": 1489248000
    },
    {
      "name": "IDEAS Globally: How to Make and Scale Social Change",
      "start_timestamp": 1489222800,
      "end_timestamp": 1489255200
    },
    {
      "name": "UBRFC Returners Weekend",
      "start_timestamp": 1489176000,
      "end_timestamp": 1489327200
    },
    {
      "name": "UniversityU Guild Charity Ball",
      "start_timestamp": 1489086000,
      "end_timestamp": 1489107600
    },
    {
      "name": "UniversityU Consulting Society - AGM 2017",
      "start_timestamp": 1489082400,
      "end_timestamp": 1489086000
    },
    {
      "name": "LSE 1s vs Reading 2s - Men's Cup Final",
      "start_timestamp": 1488967200,
      "end_timestamp": 1488973500
    },
    {
      "name": "The Hydra presents Daphni, Floating Points (DJ set) and more",
      "start_timestamp": 1488628800,
      "end_timestamp": 1488666600
    },
    {
      "name": "From Me, To Connaught: Exhibition Preview",
      "start_timestamp": 1488484800,
      "end_timestamp": 0
    },
    {
      "name": "Rhinoceros by Eug\u00c3\u00a8ne Ionesco",
      "start_timestamp": 1488481200,
      "end_timestamp": 1488664800
    },
    {
      "name": "Insight into Digital PR: Weber Shandwick x Unilever",
      "start_timestamp": 1488475800,
      "end_timestamp": 1488481200
    },
    {
      "name": "Feelings of an Almost Human Nature",
      "start_timestamp": 1488230100,
      "end_timestamp": 1488406500
    },
    {
      "name": "Silent Disco",
      "start_timestamp": 1488052800,
      "end_timestamp": 1488072600
    },
    {
      "name": "The Gremlins 21st",
      "start_timestamp": 1488052800,
      "end_timestamp": 0
    },
    {
      "name": "The BizSoc Consulting and IB Competition",
      "start_timestamp": 1488016800,
      "end_timestamp": 1488031200
    },
    {
      "name": "The PPE Rocky Horror Picture Show",
      "start_timestamp": 1487970000,
      "end_timestamp": 0
    },
    {
      "name": "RISE Charity Night",
      "start_timestamp": 1487966400,
      "end_timestamp": 1487977200
    },
    {
      "name": "Rhapsody 2017 presented by UniversityU Live Music Society",
      "start_timestamp": 1487962800,
      "end_timestamp": 1488063600
    },
    {
      "name": "Dirty Pissy Time",
      "start_timestamp": 1487955600,
      "end_timestamp": 1487980740
    },
    {
      "name": "VOTE Alex Kellett & Alexander Post for Sports Officer",
      "start_timestamp": 1487844000,
      "end_timestamp": 1488448800
    },
    {
      "name": "Basketball UoB SU inter-halls",
      "start_timestamp": 1487502000,
      "end_timestamp": 1487512800
    },
    {
      "name": "Prosecco Cocktail Night",
      "start_timestamp": 1487016000,
      "end_timestamp": 1487026800
    },
    {
      "name": "LSE Refugee Week: the UK's Response",
      "start_timestamp": 1486663200,
      "end_timestamp": 1486670400
    },
    {
      "name": "The Case Study Session #5",
      "start_timestamp": 1486659600,
      "end_timestamp": 1486666800
    },
    {
      "name": "Dstrkt Joint Social",
      "start_timestamp": 1486503000,
      "end_timestamp": 1486522800
    },
    {
      "name": "BIG University PUB QUIZ",
      "start_timestamp": 1486497600,
      "end_timestamp": 1486504800
    },
    {
      "name": "The Case Study Session #4",
      "start_timestamp": 1486054800,
      "end_timestamp": 1486058400
    },
    {
      "name": "Cirque Du Soul : Bristol // The Road To El Dorado Festival",
      "start_timestamp": 1485986400,
      "end_timestamp": 1486011600
    },
    {
      "name": "Kev's Quiz",
      "start_timestamp": 1485982800,
      "end_timestamp": 1485988200
    },
    {
      "name": "Emergency demo against Trump's #MuslimBan and UK complicity",
      "start_timestamp": 1485799200,
      "end_timestamp": 1485806400
    },
    {
      "name": "Discover Credit Agricole CIB: Global Markets",
      "start_timestamp": 1485453600,
      "end_timestamp": 1485460800
    },
    {
      "name": "Rebecca George OBE: Public Sector Consulting in a Post-Brexit UK",
      "start_timestamp": 1485280800,
      "end_timestamp": 1485284400
    },
    {
      "name": "Refreshers - Bring your classmate",
      "start_timestamp": 1485028800,
      "end_timestamp": 1485048600
    },
    {
      "name": "Case Solving Training, London University",
      "start_timestamp": 1484992800,
      "end_timestamp": 1485021600
    },
    {
      "name": "Inviting undergrads to IPPR + editorial workshop",
      "start_timestamp": 1484748000,
      "end_timestamp": 1484755200
    },
    {
      "name": "2017 University & LSE Tech Panel Discussion: The Future of Tech?",
      "start_timestamp": 1484676900,
      "end_timestamp": 1484681400
    },
    {
      "name": "Re-Freshers Open Mic",
      "start_timestamp": 1484074800,
      "end_timestamp": 1484089200
    },
    {
      "name": "New Years Dinner",
      "start_timestamp": 1483218000,
      "end_timestamp": 1483272000
    },
    {
      "name": "NYE",
      "start_timestamp": 1483210800,
      "end_timestamp": 0
    },
    {
      "name": "Treehouse's 2nd Birthday with Jamie Trench and Z Lovecraft",
      "start_timestamp": 1482962400,
      "end_timestamp": 1482984000
    },
    {
      "name": "Xmas gathering",
      "start_timestamp": 1482001200,
      "end_timestamp": 0
    },
    {
      "name": "End of term drinks at Phineas!",
      "start_timestamp": 1481828400,
      "end_timestamp": 1481846400
    },
    {
      "name": "Starting a Business: Whichit CEO, Jonathan Gan",
      "start_timestamp": 1481652000,
      "end_timestamp": 1481655600
    },
    {
      "name": "Sam & Saara's Seasonal Shindig",
      "start_timestamp": 1481576400,
      "end_timestamp": 1481598000
    },
    {
      "name": "Case Study Session 3",
      "start_timestamp": 1481565600,
      "end_timestamp": 1481571000
    },
    {
      "name": "UniversityU Symphony Chorus and Orchestra Winter Concert!",
      "start_timestamp": 1481398200,
      "end_timestamp": 1481409000
    },
    {
      "name": "Christmas dinner",
      "start_timestamp": 1481304600,
      "end_timestamp": 1481313600
    },
    {
      "name": "Cirque Du Soul: Bristol // Christmas Special!",
      "start_timestamp": 1481148000,
      "end_timestamp": 1481173200
    },
    {
      "name": "Connaught's Got Talent",
      "start_timestamp": 1481140800,
      "end_timestamp": 1481151600
    },
    {
      "name": "Meet Centrica Recruiters with BizSoc",
      "start_timestamp": 1481040000,
      "end_timestamp": 1481043600
    },
    {
      "name": "Anatomy of A Consultant; What It Takes To Succeed",
      "start_timestamp": 1480962600,
      "end_timestamp": 1480966200
    },
    {
      "name": "Christmas decorating",
      "start_timestamp": 1480622400,
      "end_timestamp": 1480633200
    },
    {
      "name": "MANNEQUIN CHALLENGE",
      "start_timestamp": 1480541400,
      "end_timestamp": 0
    },
    {
      "name": "LSESU Investment Society: Boat Party",
      "start_timestamp": 1480448400,
      "end_timestamp": 1480464000
    },
    {
      "name": "Venture Capital 101 - Networking & Drinks",
      "start_timestamp": 1480357800,
      "end_timestamp": 1480372200
    },
    {
      "name": "PwC Case Study Session 2",
      "start_timestamp": 1480356000,
      "end_timestamp": 1480363200
    },
    {
      "name": "Starting a Business: Founder of CityFalcon, Ruzbeh Bacha",
      "start_timestamp": 1480352400,
      "end_timestamp": 1480356000
    },
    {
      "name": "Friday pre-drink night",
      "start_timestamp": 1480105800,
      "end_timestamp": 0
    },
    {
      "name": "Connaught Bar Thanksgiving Night",
      "start_timestamp": 1480017600,
      "end_timestamp": 1480028400
    },
    {
      "name": "ICAEW Business Challenge (Practice Assessment Centre)",
      "start_timestamp": 1480010400,
      "end_timestamp": 1480017600
    },
    {
      "name": "In Conversation with the Rt Hon. Greg Clark MP",
      "start_timestamp": 1480010400,
      "end_timestamp": 1480021200
    },
    {
      "name": "Inside the Industry: Technology with J.P. Morgan",
      "start_timestamp": 1479837600,
      "end_timestamp": 1479841200
    },
    {
      "name": "WinF masquerade cocktail evening",
      "start_timestamp": 1479762000,
      "end_timestamp": 1479776400
    },
    {
      "name": "Cowspiracy Screening",
      "start_timestamp": 1479672000,
      "end_timestamp": 0
    },
    {
      "name": "Hall Icebreaker Party",
      "start_timestamp": 1479585600,
      "end_timestamp": 1479605400
    },
    {
      "name": "birthday gathering",
      "start_timestamp": 1479501000,
      "end_timestamp": 0
    },
    {
      "name": "KEV'S QUIZ",
      "start_timestamp": 1479328200,
      "end_timestamp": 1479335400
    },
    {
      "name": "Beer Pong - The 2016 Social Collab!",
      "start_timestamp": 1479240000,
      "end_timestamp": 1479254400
    },
    {
      "name": "Crowdfunding La Bande",
      "start_timestamp": 1479150000,
      "end_timestamp": 1479160800
    },
    {
      "name": "In Conversation with Peter Hitchens",
      "start_timestamp": 1479146400,
      "end_timestamp": 1479153600
    },
    {
      "name": "Not-So-Halloween 2k16 SuperDisco",
      "start_timestamp": 1478984760,
      "end_timestamp": 0
    },
    {
      "name": "Connaught Karaoke and Happy Hour",
      "start_timestamp": 1478203200,
      "end_timestamp": 1478214000
    },
    {
      "name": "Consulting Spring Week Panel",
      "start_timestamp": 1478109600,
      "end_timestamp": 1478113200
    },
    {
      "name": "I solenmly swear that I'm up to no good",
      "start_timestamp": 1477855800,
      "end_timestamp": 1477866600
    },
    {
      "name": "Pumpkin Carving Party",
      "start_timestamp": 1477594800,
      "end_timestamp": 1477605600
    },
    {
      "name": "\u00e2\u0098\u0085 MNB - Dress to Impress Volume I - 24/10/16 \u00e2\u0098\u0085",
      "start_timestamp": 1477341000,
      "end_timestamp": 1477357200
    },
    {
      "name": "American election debate",
      "start_timestamp": 1476916200,
      "end_timestamp": 1476932400
    },
    {
      "name": "Connaught Smoothie Night",
      "start_timestamp": 1476817200,
      "end_timestamp": 1476828000
    },
    {
      "name": "In Conversation with Nigel Lawson",
      "start_timestamp": 1476810000,
      "end_timestamp": 1476820800
    },
    {
      "name": "Klass // Ibiza Zoo Project // Saturday 15th October",
      "start_timestamp": 1476523800,
      "end_timestamp": 1476583200
    },
    {
      "name": "Connaught Cocktail Creations",
      "start_timestamp": 1476471600,
      "end_timestamp": 1476568800
    },
    {
      "name": "Redlight R&B // Khoosoosi // Thursday 13th October",
      "start_timestamp": 1476394200,
      "end_timestamp": 1476414000
    },
    {
      "name": "Connaught Karaoke + Happy Hour",
      "start_timestamp": 1476385200,
      "end_timestamp": 1476396000
    },
    {
      "name": "Bath Snowsports presents: Tee to the Tub social",
      "start_timestamp": 1476298800,
      "end_timestamp": 1476320400
    },
    {
      "name": "Welcome Social",
      "start_timestamp": 1476297900,
      "end_timestamp": 0
    },
    {
      "name": "Redlight Resurgence // Thursday 6th October // Khoosoosi",
      "start_timestamp": 1475789400,
      "end_timestamp": 1475809200
    },
    {
      "name": "Ski Trip Pre-Booking Presentation",
      "start_timestamp": 1475775000,
      "end_timestamp": 1475776800
    },
    {
      "name": "BBall takes SCORE",
      "start_timestamp": 1475650800,
      "end_timestamp": 0
    },
    {
      "name": "Klass | The Returners / 01.10.16",
      "start_timestamp": 1475357400,
      "end_timestamp": 1475373600
    },
    {
      "name": "Connaught Oktoberfest and BBQ",
      "start_timestamp": 1475334000,
      "end_timestamp": 1475362740
    },
    {
      "name": "Grand Bar Opening @ Connaught Bar",
      "start_timestamp": 1474828200,
      "end_timestamp": 1474844400
    },
    {
      "name": "Connaught Hall Summer Olympics",
      "start_timestamp": 1474628400,
      "end_timestamp": 1474729200
    },
    {
      "name": "Welcome Back to Bath's BBall",
      "start_timestamp": 1474131600,
      "end_timestamp": 0
    },
    {
      "name": "Treehouse presents Paleman",
      "start_timestamp": 1473800400,
      "end_timestamp": 1473822000
    },
    {
      "name": "The Homererotic Berlin Trip",
      "start_timestamp": 1473271200,
      "end_timestamp": 0
    },
    {
      "name": "Old Boys Rugby ",
      "start_timestamp": 1472994000,
      "end_timestamp": 0
    },
    {
      "name": "21ST BIRTHDAY CELEBRATIONS - DATE SAVE",
      "start_timestamp": 1472841000,
      "end_timestamp": 0
    },
    {
      "name": "Treehouse Carnival Afterparty with Hidden Spheres + Krywald & Farrer",
      "start_timestamp": 1472504400,
      "end_timestamp": 1472526000
    },
    {
      "name": "Slutopia Part 4: The Finale",
      "start_timestamp": 1471658400,
      "end_timestamp": 0
    },
    {
      "name": "2016 Drummond Pub Golf Invitational",
      "start_timestamp": 1471093200,
      "end_timestamp": 0
    },
    {
      "name": "Summer Camping Week",
      "start_timestamp": 1470222000,
      "end_timestamp": 1470837600
    },
    {
      "name": "OYB presents Boy Better Know's Frisco & DJ Maximum Live I TONIGHT",
      "start_timestamp": 1469311200,
      "end_timestamp": 1469329200
    },
    {
      "name": "\"I'm Moving To Brazil, Goodbye\"",
      "start_timestamp": 1467487800,
      "end_timestamp": 1467500340
    },
    {
      "name": "Aiherrako pestak 2016 !!",
      "start_timestamp": 1466769600,
      "end_timestamp": 1467021600
    },
    {
      "name": "Raising money for research in Indonesia",
      "start_timestamp": 1466589600,
      "end_timestamp": 0
    },
    {
      "name": "London Stands with Orlando Vigil",
      "start_timestamp": 1465840800,
      "end_timestamp": 1465844400
    },
    {
      "name": "Strike a Pose for MS",
      "start_timestamp": 1465412400,
      "end_timestamp": 0
    },
    {
      "name": "Mad House Party 6.0",
      "start_timestamp": 1464980400,
      "end_timestamp": 0
    },
    {
      "name": "Cirque Du Soul : Bristol // The Road To El Dorado Festival // ft. Fatman Scoop",
      "start_timestamp": 1464814800,
      "end_timestamp": 1464840000
    },
    {
      "name": "Boarders vs Days Football 2K16",
      "start_timestamp": 1463670900,
      "end_timestamp": 1463678100
    },
    {
      "name": "Redlight Relapse // Khoosoosi // 28.04.16",
      "start_timestamp": 1461879000,
      "end_timestamp": 1461898800
    },
    {
      "name": "20th Bday Bash",
      "start_timestamp": 1461871800,
      "end_timestamp": 0
    },
    {
      "name": "The Final Score",
      "start_timestamp": 1461783600,
      "end_timestamp": 0
    },
    {
      "name": "Klass // Curtain Call // Saturday 23rd April",
      "start_timestamp": 1461447000,
      "end_timestamp": 1461463200
    },
    {
      "name": "Redlight Roar",
      "start_timestamp": 1461274200,
      "end_timestamp": 1461290400
    },
    {
      "name": "Research Project Experiment - FREE PIZZA",
      "start_timestamp": 1461240900,
      "end_timestamp": 1461242700
    },
    {
      "name": "3v3 Basketball Tournament for Diabetes UK",
      "start_timestamp": 1461157200,
      "end_timestamp": 1461164400
    },
    {
      "name": "Interhalls Dodgeball Tournament",
      "start_timestamp": 1461153600,
      "end_timestamp": 1461164400
    },
    {
      "name": "Campus Penny Mile",
      "start_timestamp": 1460966400,
      "end_timestamp": 0
    },
    {
      "name": "TONIGHT! - Good Life Bristol: The Caribbean Carnival // Stylo G, So Solid Crew, Wideboys, DBM + more!",
      "start_timestamp": 1460842200,
      "end_timestamp": 1460865600
    },
    {
      "name": "Klass - Countdown | Saturday 16th April",
      "start_timestamp": 1460842200,
      "end_timestamp": 1460858400
    },
    {
      "name": "Redlight Remixes // Khoosoosi // Thursday 14th April",
      "start_timestamp": 1460669400,
      "end_timestamp": 1460689200
    },
    {
      "name": "Men's Rugby Varsity",
      "start_timestamp": 1460557800,
      "end_timestamp": 0
    },
    {
      "name": "Basketball Varsity Social",
      "start_timestamp": 1460556000,
      "end_timestamp": 0
    },
    {
      "name": "Varsity 2016",
      "start_timestamp": 1460543400,
      "end_timestamp": 1460574000
    },
    {
      "name": "Palm Springs White Party // Glitterbomb Canterbury",
      "start_timestamp": 1460494800,
      "end_timestamp": 1460509200
    },
    {
      "name": "REDLIGHT REACTIVATE // Thursday 7th April",
      "start_timestamp": 1460064600,
      "end_timestamp": 1460084400
    },
    {
      "name": "Roundtable discussion: Is Climate Policy at a tipping point?",
      "start_timestamp": 1460049300,
      "end_timestamp": 0
    },
    {
      "name": "Rubiks Cube Joint Social",
      "start_timestamp": 1459969200,
      "end_timestamp": 0
    },
    {
      "name": "UBRFC 3's v Exeter 4's",
      "start_timestamp": 1457783100,
      "end_timestamp": 0
    },
    {
      "name": "ANNOUNCEMENT! Good Life Bristol: The Mardi Gras Special ft. Ms. Dynamite & General Levy",
      "start_timestamp": 1456437600,
      "end_timestamp": 1456462800
    },
    {
      "name": "Bath Trip to Exeter - Away Varsity",
      "start_timestamp": 1456333200,
      "end_timestamp": 0
    },
    {
      "name": "JULES' POST-EXAM BIRTHDAY PARTY",
      "start_timestamp": 1453491000,
      "end_timestamp": 0
    },
    {
      "name": "BATH BASKETBALL vs UEL",
      "start_timestamp": 1449666000,
      "end_timestamp": 0
    },
    {
      "name": "Christmas Flat Party",
      "start_timestamp": 1449262800,
      "end_timestamp": 0
    },
    {
      "name": "Let's get drunk at E18 (again)",
      "start_timestamp": 1448744400,
      "end_timestamp": 0
    },
    {
      "name": "REDLIGHT // THURSDAY 5TH NOVEMBER // FIREWORKS SPECIAL",
      "start_timestamp": 1446762600,
      "end_timestamp": 1446782400
    },
    {
      "name": "BUMS FC Initiations",
      "start_timestamp": 1445713200,
      "end_timestamp": 0
    },
    {
      "name": "Egg 12th September",
      "start_timestamp": 1442095200,
      "end_timestamp": 0
    },
    {
      "name": "Bestival tickets 2015",
      "start_timestamp": 1441839600,
      "end_timestamp": 0
    },
    {
      "name": "Old Boys Rugby",
      "start_timestamp": 1441026000,
      "end_timestamp": 0
    },
    {
      "name": "Homecoming Gig @ The Grey Lady",
      "start_timestamp": 1440010800,
      "end_timestamp": 0
    },
    {
      "name": "A-LEVELS RESULTS PARTY",
      "start_timestamp": 1439497800,
      "end_timestamp": 1439519400
    },
    {
      "name": "ElectronicSessions Summer Series 03 Boart Party - SEFF",
      "start_timestamp": 1438446600,
      "end_timestamp": 1438469700
    },
    {
      "name": "Showroom Clementine & Broek",
      "start_timestamp": 1434819600,
      "end_timestamp": 1434841200
    },
    {
      "name": "Boarders vs Days Football",
      "start_timestamp": 1431615600,
      "end_timestamp": 0
    },
    {
      "name": "CHRISTMAS (WILL GOT INTO DRAMA SCHOOL)  PARTAAAYY",
      "start_timestamp": 1419102000,
      "end_timestamp": 1419163200
    },
    {
      "name": "Eleanor Jessie at the Grey Lady",
      "start_timestamp": 1416426000,
      "end_timestamp": 0
    },
    {
      "name": "FOMOvember at Revenge - Tache Attack - 06.11.14",
      "start_timestamp": 1415313000,
      "end_timestamp": 0
    },
    {
      "name": "Cirque Du Soul : Newcastle // Feat. Bondax",
      "start_timestamp": 1414013400,
      "end_timestamp": 1414033200
    },
    {
      "name": "La Bande presenta su nuevo disco",
      "start_timestamp": 1413576000,
      "end_timestamp": 0
    },
    {
      "name": "Fantasy Football (NFL) League",
      "start_timestamp": 1412118000,
      "end_timestamp": 0
    },
    {
      "name": "Eleanor Jessie debut at the Grey Lady",
      "start_timestamp": 1409510400,
      "end_timestamp": 0
    },
    {
      "name": "'Camping' 2014",
      "start_timestamp": 1408532400,
      "end_timestamp": 1409137200
    },
    {
      "name": "WaLaBu 2K14",
      "start_timestamp": 1408471200,
      "end_timestamp": 1408525200
    },
    {
      "name": "OutOut Presents 'Lost Records & Friends' W/ Leftwing & Kody / Dale Howard / Clive Henry / East End Dubs / Copy Paste Soul / PAWSA",
      "start_timestamp": 1405803600,
      "end_timestamp": 0
    },
    {
      "name": "18th",
      "start_timestamp": 1405708200,
      "end_timestamp": 0
    },
    {
      "name": "World Cup Final",
      "start_timestamp": 1405260000,
      "end_timestamp": 0
    },
    {
      "name": "Aiherrako Pestak 2014",
      "start_timestamp": 1404493200,
      "end_timestamp": 0
    },
    {
      "name": "Jo & Andy Celebrating 10 years in Benenden",
      "start_timestamp": 1403980200,
      "end_timestamp": 0
    },
    {
      "name": "La Bande du Poulet Fou necesita tu ayuda",
      "start_timestamp": 1403820000,
      "end_timestamp": 0
    },
    {
      "name": "After exams mad one",
      "start_timestamp": 1403809200,
      "end_timestamp": 0
    },
    {
      "name": "Concierto La Bande du Poulet Fou + Tigra",
      "start_timestamp": 1403809200,
      "end_timestamp": 0
    },
    {
      "name": "Phone no please :)",
      "start_timestamp": 1403236800,
      "end_timestamp": 0
    },
    {
      "name": "BIKE TO BORDEAUX",
      "start_timestamp": 1402808400,
      "end_timestamp": 1403290800
    },
    {
      "name": "City School Benefit",
      "start_timestamp": 1402624800,
      "end_timestamp": 0
    },
    {
      "name": "Penthouse Electronic Music",
      "start_timestamp": 1398999600,
      "end_timestamp": 0
    },
    {
      "name": "Grey Lady Gig - Tom Harvey",
      "start_timestamp": 1397516400,
      "end_timestamp": 0
    },
    {
      "name": "BIRRA GRATIS!",
      "start_timestamp": 1392518700,
      "end_timestamp": 1392544800
    },
    {
      "name": "Spaghettislag",
      "start_timestamp": 1392418800,
      "end_timestamp": 0
    },
    {
      "name": "Tom Harvey @ The Grey Lady",
      "start_timestamp": 1391629500,
      "end_timestamp": 0
    },
    {
      "name": "La Bande du Polet Fou",
      "start_timestamp": 1388181600,
      "end_timestamp": 0
    },
    {
      "name": "Artbox London at Paradise - Charity Fundraiser 2013",
      "start_timestamp": 1385661600,
      "end_timestamp": 1385686800
    },
    {
      "name": "Leeds University Stage Musicals Society Presents: Songs of the Stage and Screen - A Night of Musical Cabaret",
      "start_timestamp": 1382639400,
      "end_timestamp": 1382734800
    },
    {
      "name": "Tom Harvey @ The Forum for Show Us Yer Guns",
      "start_timestamp": 1380825900,
      "end_timestamp": 0
    },
    {
      "name": "Numbers- lnew phone for 18th and lost old one in south america",
      "start_timestamp": 1379804400,
      "end_timestamp": 0
    },
    {
      "name": "JUST KIDDIN | HOMETOWN PARTY | WATERCRESS HARRY'S, KETTERING",
      "start_timestamp": 1377903600,
      "end_timestamp": 0
    },
    {
      "name": "17th BDAY WOOP",
      "start_timestamp": 1375034400,
      "end_timestamp": 1375054200
    },
    {
      "name": "Last minute soiree",
      "start_timestamp": 1374706800,
      "end_timestamp": 0
    },
    {
      "name": "Party for lack of a better reason...",
      "start_timestamp": 1373477400,
      "end_timestamp": 0
    },
    {
      "name": "Sixth Form Induction",
      "start_timestamp": 1372404600,
      "end_timestamp": 1372422600
    },
    {
      "name": "New phone numbers and snapchats pls",
      "start_timestamp": 1372028400,
      "end_timestamp": 0
    },
    {
      "name": "Emily's surprise party",
      "start_timestamp": 1371234600,
      "end_timestamp": 1371249000
    },
    {
      "name": "New phone -",
      "start_timestamp": 1369868400,
      "end_timestamp": 0
    },
    {
      "name": "Concierto Bizarro - Teatro de Pumar\u00c3\u00adn",
      "start_timestamp": 1366997400,
      "end_timestamp": 0
    },
    {
      "name": "new phone, need numbers",
      "start_timestamp": 1360339200,
      "end_timestamp": 0
    },
    {
      "name": "Phone numbers",
      "start_timestamp": 1359043200,
      "end_timestamp": 0
    },
    {
      "name": "La Bande presenta su nuevo disco",
      "start_timestamp": 1354910400,
      "end_timestamp": 0
    },
    {
      "name": "Hair we go again - Movember 2012",
      "start_timestamp": 1354233600,
      "end_timestamp": 0
    },
    {
      "name": "Phone messed up, BBM Pins and Numbers Plz!!!!!",
      "start_timestamp": 1354204800,
      "end_timestamp": 0
    },
    {
      "name": "Change The FACEB00K C0L0R",
      "start_timestamp": 1352937600,
      "end_timestamp": 0
    },
    {
      "name": "New phone, numbers please!",
      "start_timestamp": 1352908800,
      "end_timestamp": 0
    },
    {
      "name": "CHANGING THE COLOUR ON FACEBOOK DOESN'T WORK",
      "start_timestamp": 1352649600,
      "end_timestamp": 0
    },
    {
      "name": "new phone..  numbers please",
      "start_timestamp": 1349823600,
      "end_timestamp": 0
    },
    {
      "name": "Numbers",
      "start_timestamp": 1348354800,
      "end_timestamp": 0
    },
    {
      "name": "Toga Pardy",
      "start_timestamp": 1346437800,
      "end_timestamp": 1346452200
    },
    {
      "name": "ONE OF THOSE EVENTS...NUMBERERERERS",
      "start_timestamp": 1343962800,
      "end_timestamp": 0
    },
    {
      "name": "phone got wiped, pins and numbers plzzzzzz",
      "start_timestamp": 1343775600,
      "end_timestamp": 0
    },
    {
      "name": "Danes Hill 2009",
      "start_timestamp": 1341037200,
      "end_timestamp": 0
    },
    {
      "name": "Eton Invitational Open Debating Competition, Summer 2012 [CONFIRMED]",
      "start_timestamp": 1340454600,
      "end_timestamp": 1340481600
    },
    {
      "name": "Coach to Lovebox (if we get one)",
      "start_timestamp": 1339686000,
      "end_timestamp": 0
    },
    {
      "name": "CHARANGA PICANTE EN TERUEL",
      "start_timestamp": 1338588000,
      "end_timestamp": 0
    },
    {
      "name": "Club End of Season Party  (Including Colts Touch Match)",
      "start_timestamp": 1335634200,
      "end_timestamp": 1335657600
    },
    {
      "name": "Bizarro Big Band en: Las Canteras (Sidrer\u00c3\u00ada Restaurante)",
      "start_timestamp": 1334952000,
      "end_timestamp": 0
    },
    {
      "name": "New phone- pins and numbers pleease :) ",
      "start_timestamp": 1333897200,
      "end_timestamp": 0
    },
    {
      "name": "MATCH: CRFC Colts vs Tonbridge Judds",
      "start_timestamp": 1332378000,
      "end_timestamp": 1332390600
    },
    {
      "name": "bbms+numbers",
      "start_timestamp": 1328394600,
      "end_timestamp": 1328405400
    },
    {
      "name": "NEW PHONE, LOST ALL NUMBERS, NUMBERS PLEASE :)",
      "start_timestamp": 1328119200,
      "end_timestamp": 1328130000
    },
    {
      "name": "numbers and bbm's please :) x",
      "start_timestamp": 1327984200,
      "end_timestamp": 1327995000
    },
    {
      "name": "got new phone, numbers and bbms pleasee :)",
      "start_timestamp": 1327968000,
      "end_timestamp": 1327978800
    },
    {
      "name": "numbers and bbms",
      "start_timestamp": 1327854600,
      "end_timestamp": 1328988600
    },
    {
      "name": "New Phone-- numbers plz",
      "start_timestamp": 1326682800,
      "end_timestamp": 1326693600
    },
    {
      "name": "Numbers and BBM :)",
      "start_timestamp": 1325545200,
      "end_timestamp": 1325556000
    },
    {
      "name": "numbers and pins please :)",
      "start_timestamp": 1325365200,
      "end_timestamp": 1325635200
    },
    {
      "name": "NUMBERS - lost all contacts",
      "start_timestamp": 1324191600,
      "end_timestamp": 1324855800
    },
    {
      "name": "Numbers and Pins please",
      "start_timestamp": 1324180800,
      "end_timestamp": 1327993200
    },
    {
      "name": "pins + numbers pweeease",
      "start_timestamp": 1323900000,
      "end_timestamp": 1333144800
    },
    {
      "name": "16th",
      "start_timestamp": 1323547200,
      "end_timestamp": 1323565200
    },
    {
      "name": "numbers and pins x",
      "start_timestamp": 1321995600,
      "end_timestamp": 1322006400
    },
    {
      "name": "fridaaay",
      "start_timestamp": 1321639200,
      "end_timestamp": 1321653600
    },
    {
      "name": "New phone - numbers",
      "start_timestamp": 1321045200,
      "end_timestamp": 1321070400
    },
    {
      "name": "after biddenden blaze...its actually happeneing...",
      "start_timestamp": 1320397200,
      "end_timestamp": 1320408000
    },
    {
      "name": "aaahh iphone! numbaas please x",
      "start_timestamp": 1317763800,
      "end_timestamp": 1317774600
    },
    {
      "name": "phone died, number please :(",
      "start_timestamp": 1316203200,
      "end_timestamp": 1316644200
    },
    {
      "name": "phone went for a swim, numbers please!",
      "start_timestamp": 1315814400,
      "end_timestamp": 1315911600
    },
    {
      "name": "Old Boys rugby",
      "start_timestamp": 1315141200,
      "end_timestamp": 1315152000
    },
    {
      "name": "please vote for me!!! itv 1 this sunday 8 pm",
      "start_timestamp": 1312743600,
      "end_timestamp": 1312754400
    },
    {
      "name": "annoying numbers event:\\",
      "start_timestamp": 1311888600,
      "end_timestamp": 1312936200
    },
    {
      "name": "one of those annoying 'numbers + bbms please' pages",
      "start_timestamp": 1311465600,
      "end_timestamp": 1316833200
    },
    {
      "name": "HUG A FREAKISHLY TALL GUY/GIRL DAY",
      "start_timestamp": 1310961600,
      "end_timestamp": 1311046200
    },
    {
      "name": "Numbers and BBMs plz",
      "start_timestamp": 1309984200,
      "end_timestamp": 1309995000
    },
    {
      "name": "Sorry i know these are really annoying but numbers please? x",
      "start_timestamp": 1309003200,
      "end_timestamp": 1309186800
    },
    {
      "name": "Numbers and pins please (sorry!)",
      "start_timestamp": 1308587400,
      "end_timestamp": 1309462200
    },
    {
      "name": "Number and bbms x",
      "start_timestamp": 1305406800,
      "end_timestamp": 1305417600
    },
    {
      "name": "How to see who viewed your profile!!",
      "start_timestamp": 1303678800,
      "end_timestamp": 1303689600
    },
    {
      "name": "How to see who viewed your profile!!",
      "start_timestamp": 1303657200,
      "end_timestamp": 1303668000
    },
    {
      "name": "Official App: See Who has Viewed your Profile?  Find out here! .atyf9 ",
      "start_timestamp": 1302984000,
      "end_timestamp": 1302994800
    },
    {
      "name": "How to find your biggest fans....vuv6scv",
      "start_timestamp": 1302588000,
      "end_timestamp": 1302598800
    },
    {
      "name": "How to find your biggest fans....vuv6scv",
      "start_timestamp": 1302588000,
      "end_timestamp": 1302598800
    },
    {
      "name": "How to find your stalkers....9mzh716",
      "start_timestamp": 1302562800,
      "end_timestamp": 1302573600
    },
    {
      "name": "Contacts wiped, numbers please",
      "start_timestamp": 1297564200,
      "end_timestamp": 1297575000
    }
  ]
}