{
  "event_responses": {
    "events_joined": [
      {
        "name": "Refuse to leave the EU, they can't make us all go",
        "start_timestamp": 1609408800,
        "end_timestamp": 1609495200
      },
      {
        "name": "Time is yeeting",
        "start_timestamp": 1585337400,
        "end_timestamp": 0
      },
      {
        "name": "A Wapping Day - Anniversary Edition",
        "start_timestamp": 1584187200,
        "end_timestamp": 0
      },
      {
        "name": "PA 2020 | A Decade of Action",
        "start_timestamp": 1582983000,
        "end_timestamp": 1583002800
      },
      {
        "name": "DC(ya) later",
        "start_timestamp": 1582313400,
        "end_timestamp": 0
      },
      {
        "name": "F U C K Freak-quency Friday (!!!)",
        "start_timestamp": 1581102000,
        "end_timestamp": 0
      },
      {
        "name": "Happy (late) new year !",
        "start_timestamp": 1579291200,
        "end_timestamp": 0
      },
      {
        "name": "Privacy-preserving data analysis: an attack/defense game",
        "start_timestamp": 1579024800,
        "end_timestamp": 1579032000
      },
      {
        "name": "NOUVELLES ANN\u00c3\u0089ES FOLLES",
        "start_timestamp": 1577822400,
        "end_timestamp": 0
      },
      {
        "name": "Birthday Numbers",
        "start_timestamp": 1577739600,
        "end_timestamp": 1577750400
      },
      {
        "name": "Early Birthday / New Year Warm Up",
        "start_timestamp": 1577718000,
        "end_timestamp": 1577764800
      },
      {
        "name": "The Joe and Freddie Memorial Match",
        "start_timestamp": 1576323000,
        "end_timestamp": 1576339200
      },
      {
        "name": "Election Night",
        "start_timestamp": 1576180800,
        "end_timestamp": 0
      },
      {
        "name": "Willy Mich: 24 and friends",
        "start_timestamp": 1575748800,
        "end_timestamp": 0
      },
      {
        "name": "Housewarming party",
        "start_timestamp": 1573329600,
        "end_timestamp": 0
      },
      {
        "name": "2x1 birthday",
        "start_timestamp": 1572726600,
        "end_timestamp": 0
      },
      {
        "name": "Surprise ?!",
        "start_timestamp": 1572724800,
        "end_timestamp": 0
      },
      {
        "name": "The Night of the Living Dead (My Bday party)",
        "start_timestamp": 1572721200,
        "end_timestamp": 0
      },
      {
        "name": "Halloween/Samhain/EU Leaving Party - Kick it like a camel",
        "start_timestamp": 1572634800,
        "end_timestamp": 0
      },
      {
        "name": "MEDINA MADNESS",
        "start_timestamp": 1570303800,
        "end_timestamp": 0
      },
      {
        "name": "Campaign Lab presents \"Campaign Confessions\"",
        "start_timestamp": 1568224800,
        "end_timestamp": 1568235600
      },
      {
        "name": "Election Tech Meetup",
        "start_timestamp": 1568138400,
        "end_timestamp": 1568149200
      },
      {
        "name": "Leaving Party Or Something",
        "start_timestamp": 1567778400,
        "end_timestamp": 1567825200
      },
      {
        "name": "Grad-elation",
        "start_timestamp": 1567542600,
        "end_timestamp": 0,
        "description": "Haha pRank you thought that last one was the last one. We're still having parties. How many hats have you thrown in the air in your life so far? By the time this party starts, it will hopefully be at least one more.\n\nAfter seeing the (grand?)parents and sitting in a fancy room for ages, we'll all be needing to chill out and enjoy ourselves. Celebrate the end of it all and answer too many questions about what our plans are now. It's been fun knowing y'all, long may it continue.",
        "create_timestamp": 1565292526
      },
      {
        "name": "Wikidata London meetup #4 - learn how to query Wikidata with SPARQL",
        "start_timestamp": 1567252800,
        "end_timestamp": 1567270800
      },
      {
        "name": "Juul, Huel & Being A Fool",
        "start_timestamp": 1566640800,
        "end_timestamp": 0
      },
      {
        "name": "AI for Good Community Launch",
        "start_timestamp": 1565888400,
        "end_timestamp": 1565897400
      },
      {
        "name": "The Man at the Edinburgh Fringe Festival.",
        "start_timestamp": 1564574700,
        "end_timestamp": 1564578300
      },
      {
        "name": "a party Of borth",
        "start_timestamp": 1564228800,
        "end_timestamp": 0
      },
      {
        "name": "If you ain't got no giddy up then giddy out my way",
        "start_timestamp": 1564167600,
        "end_timestamp": 0
      },
      {
        "name": "The Man at Camden People's Theatre (Edinburgh Fringe Preview)",
        "start_timestamp": 1563904800,
        "end_timestamp": 1563910200
      },
      {
        "name": "DC's having a party & Theaker's on the speaker",
        "start_timestamp": 1563562800,
        "end_timestamp": 0
      },
      {
        "name": "Birthday meal",
        "start_timestamp": 1561658400,
        "end_timestamp": 0
      },
      {
        "name": "Ven's epic 21st",
        "start_timestamp": 1560018600,
        "end_timestamp": 0
      },
      {
        "name": "The Gay Night Out",
        "start_timestamp": 1559246400,
        "end_timestamp": 0
      },
      {
        "name": "N221 saying GOODBYE - Somewhere over the Rainbow ft Aman\u00e2\u0080\u0099s 21 BD",
        "start_timestamp": 1559073600,
        "end_timestamp": 0
      },
      {
        "name": "Last of this year",
        "start_timestamp": 1558987200,
        "end_timestamp": 0
      },
      {
        "name": "A Lubricated Climax (p a r t y)",
        "start_timestamp": 1558814400,
        "end_timestamp": 0
      },
      {
        "name": "Watch Tom drink beer",
        "start_timestamp": 1558713600,
        "end_timestamp": 0
      },
      {
        "name": "Goodbye Eburne Road",
        "start_timestamp": 1558641600,
        "end_timestamp": 0
      },
      {
        "name": "Computer of Art - Joint degree Bday party",
        "start_timestamp": 1558206000,
        "end_timestamp": 0
      },
      {
        "name": "Slade Undergraduate Degree Show 2019",
        "start_timestamp": 1558112400,
        "end_timestamp": 1558123200
      },
      {
        "name": "Slade Degree Show Private View",
        "start_timestamp": 1558112400,
        "end_timestamp": 1558123200
      },
      {
        "name": "History Society Easter Ball",
        "start_timestamp": 1552939200,
        "end_timestamp": 1552957200
      },
      {
        "name": "VARSITY WAHOOO",
        "start_timestamp": 1552674600,
        "end_timestamp": 0
      },
      {
        "name": "London Varsity Series 2019 - Rugby",
        "start_timestamp": 1552671000,
        "end_timestamp": 1552681800
      },
      {
        "name": "The Man at The Tristan Bates",
        "start_timestamp": 1552334400,
        "end_timestamp": 1552338000
      },
      {
        "name": "Vote Alistair Ludley for ICSM Deputy President",
        "start_timestamp": 1552305600,
        "end_timestamp": 1552572000
      },
      {
        "name": "BONUS SHOW Preview: The Man at The Etcetera",
        "start_timestamp": 1552165200,
        "end_timestamp": 1552168800
      },
      {
        "name": "Huis Clos, a play by University Francophone Society",
        "start_timestamp": 1551985200,
        "end_timestamp": 1551992400
      },
      {
        "name": "University 1st vs King's 1st",
        "start_timestamp": 1549475100,
        "end_timestamp": 1549481400
      },
      {
        "name": "Babbling bumbling band of baboons",
        "start_timestamp": 1549054800,
        "end_timestamp": 0
      },
      {
        "name": "Housewarming",
        "start_timestamp": 1548536400,
        "end_timestamp": 0
      },
      {
        "name": "Add a short, clear name.",
        "start_timestamp": 1548450000,
        "end_timestamp": 0
      },
      {
        "name": "Poker Night!",
        "start_timestamp": 1548003600,
        "end_timestamp": 0
      },
      {
        "name": "Finbar's 21st",
        "start_timestamp": 1547800200,
        "end_timestamp": 1547867700
      },
      {
        "name": "Raph's 223rd Birthday - *Y*O*T*T*O*",
        "start_timestamp": 1547238600,
        "end_timestamp": 0
      },
      {
        "name": "Oxfordshire Pickleball Championships",
        "start_timestamp": 1544943600,
        "end_timestamp": 1544979600
      },
      {
        "name": "Cheese & Wine at a Festive Time",
        "start_timestamp": 1544900400,
        "end_timestamp": 0
      },
      {
        "name": "Birthday Dins With Willy Mich",
        "start_timestamp": 1544641200,
        "end_timestamp": 0
      },
      {
        "name": "Frederick's Grotto",
        "start_timestamp": 1544216400,
        "end_timestamp": 0
      },
      {
        "name": "Adam's Homosexual Coming Out Celebrition #Pride",
        "start_timestamp": 1544137200,
        "end_timestamp": 0
      },
      {
        "name": "University O2 Touch at Regents",
        "start_timestamp": 1543665600,
        "end_timestamp": 1543672800
      },
      {
        "name": "Spotify Vice President & Head of Sales Europe: Marco Bertozzi",
        "start_timestamp": 1542047400,
        "end_timestamp": 1542051000
      },
      {
        "name": "honey, i'm home!",
        "start_timestamp": 1541797200,
        "end_timestamp": 0
      },
      {
        "name": "Birthday vs Halloween vs Day of the Dead Rave",
        "start_timestamp": 1541271600,
        "end_timestamp": 0
      },
      {
        "name": "The Clap Von Trapp Presents: Parturition Eleganza Extravaganza",
        "start_timestamp": 1540519200,
        "end_timestamp": 0
      },
      {
        "name": "House party for no reason whatsoever",
        "start_timestamp": 1540063800,
        "end_timestamp": 0
      },
      {
        "name": "The Burning Flat Housewarming  ",
        "start_timestamp": 1539374400,
        "end_timestamp": 0
      },
      {
        "name": "Engagement Party",
        "start_timestamp": 1539372600,
        "end_timestamp": 0
      },
      {
        "name": "Freya and Indie's 20s Birthday",
        "start_timestamp": 1539286200,
        "end_timestamp": 1539302400
      },
      {
        "name": "G.R.U. cathedral appreciation session",
        "start_timestamp": 1538856000,
        "end_timestamp": 0
      },
      {
        "name": "MEWSFEST III \u00e2\u0088\u0099 21st Birthday Special",
        "start_timestamp": 1538775000,
        "end_timestamp": 0
      },
      {
        "name": "50a shades of housewarming...",
        "start_timestamp": 1538769600,
        "end_timestamp": 0
      },
      {
        "name": "O2 Touch Hosted by University Men's Rugby & University Women's Rugby",
        "start_timestamp": 1538139600,
        "end_timestamp": 1538146800
      },
      {
        "name": "Corelle's Bday",
        "start_timestamp": 1537633800,
        "end_timestamp": 0
      },
      {
        "name": "You and AI \u00e2\u0080\u0093 The future of work",
        "start_timestamp": 1536687000,
        "end_timestamp": 1536690600
      },
      {
        "name": "hannamin's birthday",
        "start_timestamp": 1536483600,
        "end_timestamp": 1536508800
      },
      {
        "name": "maya and robyn have a beer ",
        "start_timestamp": 1536001200,
        "end_timestamp": 0
      },
      {
        "name": "Terminus Harrington, Bonjour Caversham",
        "start_timestamp": 1535652000,
        "end_timestamp": 0,
        "description": "Goodbye Harrington, you were shit but we had a good time (apart from that one Tinder date Nat had).\n\nEnjoy the sketchy walk from the station/bus-stop one last time, smoke in the shitty corridor next to cardboard boxes and a broken swivel chair, and feast your eyes on all the Kims, the putins, the trumps, and the Van Goghs.\n\nObviously late notice (total of 5 days), bien s\u00c3\u00bbr many people aren\u00e2\u0080\u0099t in London, this is fine, I love you anyway: also if anyone is in London and I\u00e2\u0080\u0099m unaware, pls let me know.\n\nWe leave the house the next day, so it better not get real crazy \u00f0\u009f\u0098\u00b3\u00f0\u009f\u0098\u00b3\u00f0\u009f\u0099\u0084. There is nothing wrong with this plan.",
        "create_timestamp": 1535210967
      },
      {
        "name": "digby mansions cooling part1",
        "start_timestamp": 1534532400,
        "end_timestamp": 0
      },
      {
        "name": "Welcome Drinks",
        "start_timestamp": 1532809800,
        "end_timestamp": 0
      },
      {
        "name": "Foz Is Having A Bbq",
        "start_timestamp": 1532800800,
        "end_timestamp": 0
      },
      {
        "name": "Hugo And Patrick's 21st",
        "start_timestamp": 1531591200,
        "end_timestamp": 0
      },
      {
        "name": "It\u00e2\u0080\u0099s coming home",
        "start_timestamp": 1531328400,
        "end_timestamp": 0
      },
      {
        "name": "Kayode's End of Uni / Birthday Madting",
        "start_timestamp": 1528484400,
        "end_timestamp": 0
      },
      {
        "name": "Fuck me, i feel old!",
        "start_timestamp": 1524938400,
        "end_timestamp": 0
      },
      {
        "name": "(non)revision session with kale smoothies",
        "start_timestamp": 1524681000,
        "end_timestamp": 1524780000,
        "description": "Please bring your textbooks and laptops and all past assignments, bring practice questions to ask your coursemates and let's drink kale and beetroot smoothies to prepare for exams.\n\nReal plan: Gonna be real chill, low alcohol content, we actually will make some smoothies (kale and beetroot optional), there will be hummus, and we can all catch up for a few hours one evening. We'll play some great tunes like:\n\"Toto - Africa (Vocals 1 Step Out of Key & Off Beat)\"\n\"Yodeling Walmart Kid EDM Remix 10 HOUR VERSION\" \n\"Soviet anthem techno remix 10 hours\"\n\"Gustav Holst, Ode to Death\"\nand \"Owen Wilson Says WOW\".\n\nCome for a few hours, relax for a bit, or skip it and revise through the night. No pressure. Love to you all.",
        "create_timestamp": 1524501404
      },
      {
        "name": "Ledeck\u00c3\u00a1 vs. McGregor",
        "start_timestamp": 1522609200,
        "end_timestamp": 1522609260
      },
      {
        "name": "birthday pub ",
        "start_timestamp": 1522009800,
        "end_timestamp": 0
      },
      {
        "name": "Camels at The Tabernacle",
        "start_timestamp": 1521747000,
        "end_timestamp": 1521757800
      },
      {
        "name": "d & m cool and good birthday party",
        "start_timestamp": 1521234000,
        "end_timestamp": 0
      },
      {
        "name": "London Varsity Series 2018 - Rugby",
        "start_timestamp": 1521219600,
        "end_timestamp": 1521235800
      },
      {
        "name": "Live Music goes to Varsity Rugby!",
        "start_timestamp": 1521219600,
        "end_timestamp": 0
      },
      {
        "name": "Varshitty 2018: KCL 3rd XV vs. University 3rd XV",
        "start_timestamp": 1520771400,
        "end_timestamp": 1520787600
      },
      {
        "name": "Alistair's 2(+)2nd (is 4) Birthday Drinks",
        "start_timestamp": 1518724800,
        "end_timestamp": 0
      },
      {
        "name": "Alistair\u00e2\u0080\u0099s 20+1+1 Celebration of Birth",
        "start_timestamp": 1518724800,
        "end_timestamp": 0
      },
      {
        "name": "Two guys, one cake",
        "start_timestamp": 1518210000,
        "end_timestamp": 0
      },
      {
        "name": "Men's Rugby Boat Ball",
        "start_timestamp": 1517857800,
        "end_timestamp": 1517873400
      },
      {
        "name": "Pompini per tutti",
        "start_timestamp": 1517605200,
        "end_timestamp": 0,
        "description": "Special celebrity appearance from Pauline Ries - Honorary host for the evening, and celebrated author of #Universityove918.\n\nThe title is a suggestion, rather than a command. As Nicolas Demeure is away, he suggested, or in fact he demanded, that his room was used for the pompini. Fair enough Nicolas, rather concerning levels of insistence on the matter.. Please bring pom poms or pine trees, whichever you find easier to acquire.\nI recommend curious googling of the title in a boring lecture.\n\nWe will also be celebrating the 150th anniversary of Pro-Imperial forces capturing Osaka Castle from the Tokugawa shogunate and burned it to the ground, so bring your own model Osaka Castles (accurate depictions of 1868 please no modern rubbish) and some petrol/gunpowder/cannons. It doesn't have to be one each, you can share.\n \nBring alcohol, bring yourselves, bring pine trees, bring gunpowder. Should be a wild one xxx",
        "create_timestamp": 1516407581
      },
      {
        "name": "Uncertainty and Economics - John Kay",
        "start_timestamp": 1517335200,
        "end_timestamp": 1517338800
      },
      {
        "name": "What is PPE and why is it important",
        "start_timestamp": 1516395600,
        "end_timestamp": 0
      },
      {
        "name": "Getting Old Party",
        "start_timestamp": 1515787200,
        "end_timestamp": 0
      },
      {
        "name": "Big Game 10 With Foz And Friends",
        "start_timestamp": 1514642400,
        "end_timestamp": 1514732400
      },
      {
        "name": "MulledWineParty! It's beginning to begin to look a lot lyk Xmas",
        "start_timestamp": 1512072000,
        "end_timestamp": 0,
        "description": "Mull :   m\u00ca\u008cl/\nverb: mull; 3rd person present: mulls; past tense: mulled; past participle: mulled; gerund or present participle: mulling\n\n1. Think about (something) deeply and at length\n2. Warm (an alcoholic drink, especially wine or beer) and add sugar and spices to it.\n\"an ocean of mulled wine, drunk with friends\"\n\nSomething has been missing from our lives, and after thinking about it deeply and at length, we've decided that it is a party based around a warm alcoholic drink with added sugar and spices. Spicy, sweet, warm friendship, warding off the cold dark night with hot wine and wit. We promise to not play Christmas music until midnight. After, we make no promises.\n\nBring Your Own Mug (and drinks)! Unfortunately, we are not made of money, nor are we made of mugs, so make sure you bring a mug, or prepare to drink mulled wine out of a leftover Halloween bucket. Bring some wine pre-mulled, or some to add to the cauldron (however much mulled wine you want), and whatever else you want to drink. The only alcohol supplied will be a little mulled wine, at least until late.\n\nDon't Wear White! I mean this is optional, but it's literally a party where the main drink is hot wine, this just seems obvious. Unless you want to leave the party looking like you've just got a shit halloween costume, avoid expensive white clothing.\n\nWe'll be mulling and drinking from latest 18.00 onwards, because it feels like mulled wine drinking should be begun earlyish, roughly apr\u00c3\u00a9s-ski time. Join us whenever., the sooner the bettter\n\nIt's not a big flat, and it's probably going to be full so plus ones are going to be hard. Limited smoking space, only one toilet, no party poopers...",
        "create_timestamp": 1510587730
      },
      {
        "name": "The Communist Party",
        "start_timestamp": 1511557200,
        "end_timestamp": 0
      },
      {
        "name": "LGBTalent Consulting Conference",
        "start_timestamp": 1511458200,
        "end_timestamp": 1511467200
      },
      {
        "name": "Oh, Brother! [Ned + Harry's Housewarming]",
        "start_timestamp": 1510506000,
        "end_timestamp": 0
      },
      {
        "name": "BELLA RAGA",
        "start_timestamp": 1509833700,
        "end_timestamp": 0
      },
      {
        "name": "Kristin\u00e2\u0080\u0099s Bday !",
        "start_timestamp": 1509744600,
        "end_timestamp": 0
      },
      {
        "name": "Sit down with Guy Standing | University Institute for Global Prosperity",
        "start_timestamp": 1509638400,
        "end_timestamp": 1509645600
      },
      {
        "name": "halloween housewarming @ penryn",
        "start_timestamp": 1509481800,
        "end_timestamp": 0
      },
      {
        "name": "Boozy MEWSy Halloween",
        "start_timestamp": 1509476400,
        "end_timestamp": 1509512400
      },
      {
        "name": "pls come we don't wanna be alone :)",
        "start_timestamp": 1509134400,
        "end_timestamp": 1509134460
      },
      {
        "name": "Keep it warm!",
        "start_timestamp": 1508616000,
        "end_timestamp": 0
      },
      {
        "name": "Ricky Gervais",
        "start_timestamp": 1507658400,
        "end_timestamp": 1507669200
      },
      {
        "name": "DiA Welcome Drinks!",
        "start_timestamp": 1507570200,
        "end_timestamp": 1507581000
      },
      {
        "name": "\u00e2\u0099\u009b\u00e2\u0099\u009b\u00e2\u0099\u009bRemember the Sabbath and Gaugamela\u00e2\u0099\u009b\u00e2\u0099\u009b\u00e2\u0099\u009bAnd keep it holy\u00e2\u0099\u009b\u00e2\u0099\u009b\u00e2\u0099\u009b",
        "start_timestamp": 1506888000,
        "end_timestamp": 0,
        "description": "A respectful evening service celebrating the Sabbath, and  the MMCCCXLVIII anniversary of Alexander the Great's defeat of Darius III of Persia in the Battle of Gaugamela. We will also be celebrating our housewarming, and my birthday (month and 3 days later). I expect it to be tediously lengthy, worryingly alcoholic, and religiously attended.\n\n| Main Dancefloor | Bollywood Techno ft. Chopin | VIP | Post on group for guestlist | 100 spaces for real techno fans ONLY (please post CVs) |\n\n| Alternative Performance Space | Alt-right Shitposting | Unique piece of performance art from provocateur and polemicist Nat Fried will shred hearts and minds from 01.53 - 02:42 |\n\n******* SPECIAL EVENTS *********\n\n- Debating society will showcase a live debate at 21:36, topics will be politics, house plants, interior design, objectification of Greek philosophers , lad couture.\n- Bare knuckle speed chess\n- Pious love and warship for Dear Leader Kim Jong Un for many #thank of great fun nukelear success\n- Cleaning rave. Everyone invited at 05:00 to join us for a drug fuelled cray cray cleaning rave.\n- Slap cup, beer pong\n\nIdeally we'll get everyone drunk for their first lectures, but devastatingly hungover would be acceptable. Start as you mean to go on etc.",
        "create_timestamp": 1504523999
      },
      {
        "name": "Strong and stable housewarming",
        "start_timestamp": 1506456000,
        "end_timestamp": 0
      },
      {
        "name": "Mae Martin: Dope at Soho Theatre",
        "start_timestamp": 1505766600,
        "end_timestamp": 1506763800
      },
      {
        "name": "Birthday Drinks ",
        "start_timestamp": 1504800000,
        "end_timestamp": 0
      },
      {
        "name": "Hannamin's bday bash booze bonanza",
        "start_timestamp": 1504638000,
        "end_timestamp": 1504681200
      },
      {
        "name": "Arthur's birthday party (Legless Stan's omnidirectional wedding)",
        "start_timestamp": 1504357200,
        "end_timestamp": 1504382400
      },
      {
        "name": "Barbecue Friday",
        "start_timestamp": 1501264800,
        "end_timestamp": 0,
        "description": "The Large Laidlaw Barbecue, festive times await. We will make sure that everyone can bring something for the feast, Kuba is correct that the weather is quite good actually (19/20 degrees). You all know how a barbecue works but it should be great fun, and then we can go back to somebody's place or go to a bar afterwards.\n\nCelebrate the real start of holidays!",
        "create_timestamp": 1500974644
      },
      {
        "name": "Casual drinks thursday",
        "start_timestamp": 1501182000,
        "end_timestamp": 0,
        "description": "Fun times to catch up on the last few weeks, discuss our projects, have a few drinks, chill out, and most importantly! Say goodbye to those leaving on Friday.\n\nIf somebody has a flat/accomodation that they think would be good for hosting everyone, please volunteer it so we can have somewhere nice to do this.",
        "create_timestamp": 1500974193
      },
      {
        "name": "Birthday Party",
        "start_timestamp": 1500724800,
        "end_timestamp": 1500760800
      },
      {
        "name": "Lovebox Festival 2017",
        "start_timestamp": 1500030000,
        "end_timestamp": 1500156000
      },
      {
        "name": "Barbecue Primrose Hill",
        "start_timestamp": 1498320000,
        "end_timestamp": 0,
        "description": "Ok so we are thinking get to primrose hill about 5 with everyone bringing some stuff for the barbecue.\n\nBring your own alcohol, and sign up to bring stuff below - like just make a post. I've probably listed too much so we can reduce it depending on how many people come.\n\nSo stuff we need\n\n4 packs of sausages (1 each)\n4 packs of burgers (1 each)\n2 packs of veggie burgers (both one person)\n4 iceberg lettuces (all 4 one person)\nBig salad bowl (anyone who has one)\n4 packs of cherry tomatoes (2 each)\n2 blocks of cheddar (1 each)\n2 packs of olives (both one person)\n16 Good quality burger rolls - maybe ciabatta? (8 each)\n3 hummus (all one person)\n3 guacamole (all one person)\n2 temporary barbecues (one each)\n4 packs of Nachos",
        "create_timestamp": 1498050854
      },
      {
        "name": "Protest: No Coalition of Chaos with the DUP",
        "start_timestamp": 1497704400,
        "end_timestamp": 1497711600
      },
      {
        "name": "*tonight* Jeremy Corbyn Victory Party",
        "start_timestamp": 1497034800,
        "end_timestamp": 1497070800
      },
      {
        "name": "Snap General Election Party (Parliament Approved)",
        "start_timestamp": 1496955600,
        "end_timestamp": 0
      },
      {
        "name": "Connaught Hall End of Year Party",
        "start_timestamp": 1496430000,
        "end_timestamp": 1496448000
      },
      {
        "name": "Birthday sesh x",
        "start_timestamp": 1496343600,
        "end_timestamp": 0
      },
      {
        "name": "University Global Citizenship Programme 2017",
        "start_timestamp": 1496131200,
        "end_timestamp": 1497024000
      },
      {
        "name": "Connaught Hall barbecue dinner",
        "start_timestamp": 1495299600,
        "end_timestamp": 1495305000
      },
      {
        "name": "Kentish Town! Campaign with me and Keir Starmer",
        "start_timestamp": 1495114200,
        "end_timestamp": 1495121400
      },
      {
        "name": "Ciara's birthday",
        "start_timestamp": 1493064000,
        "end_timestamp": 0
      },
      {
        "name": "Roman turns 21",
        "start_timestamp": 1492628400,
        "end_timestamp": 0
      },
      {
        "name": "Bday BBQ \u00f0\u009f\u008d\u0094",
        "start_timestamp": 1492534800,
        "end_timestamp": 0
      },
      {
        "name": "Birthday games and chill",
        "start_timestamp": 1491584400,
        "end_timestamp": 0
      },
      {
        "name": "London Varsity Series 2017 - Rugby",
        "start_timestamp": 1489770000,
        "end_timestamp": 1489786200
      },
      {
        "name": "Pre - drinks and more",
        "start_timestamp": 1489264200,
        "end_timestamp": 0
      },
      {
        "name": "Camels: The Second Hump",
        "start_timestamp": 1489093200,
        "end_timestamp": 1489185000
      },
      {
        "name": "Sherborne Pilgrims XV vs. Eastbourne Stags at Rosslyn Park",
        "start_timestamp": 1487358000,
        "end_timestamp": 1487368800
      },
      {
        "name": "Cheese and Wine Night",
        "start_timestamp": 1486670400,
        "end_timestamp": 1486681200
      },
      {
        "name": "UniversityU Men's Rugby Charity Boat Ball",
        "start_timestamp": 1486407600,
        "end_timestamp": 1486423800
      },
      {
        "name": "Pernis' birthday",
        "start_timestamp": 1486148400,
        "end_timestamp": 0
      },
      {
        "name": "Chinese New Year Dinner & Celebration",
        "start_timestamp": 1485626400,
        "end_timestamp": 0
      },
      {
        "name": "Chinese Karaoke Night",
        "start_timestamp": 1485547200,
        "end_timestamp": 0
      },
      {
        "name": "Yanis Varoufakis: EU Crisis, Brexit, and DiEM25's agenda",
        "start_timestamp": 1485534600,
        "end_timestamp": 1485539100
      },
      {
        "name": "Mojito Night",
        "start_timestamp": 1485460800,
        "end_timestamp": 1485471600
      },
      {
        "name": "All you need to know about Google | Frederic Kalinke",
        "start_timestamp": 1485282600,
        "end_timestamp": 1485288000
      },
      {
        "name": "Harriet's Birthday Bash",
        "start_timestamp": 1483650000,
        "end_timestamp": 1483660800
      },
      {
        "name": "WILLI MICH COMES OF AGE (and Haz turns 22)",
        "start_timestamp": 1482264000,
        "end_timestamp": 0
      },
      {
        "name": "PPE (Pre) Drinks (for ULU) at Connaught Hall",
        "start_timestamp": 1481918400,
        "end_timestamp": 1481931000,
        "description": "I figured we should all get together for an evening before we all break up for Christmas. My halls has a bar that serves \u00c2\u00a31 Budweisers, \u00c2\u00a31.50 Coronas and \u00c2\u00a32.50 Vodka mixers. We also have a table tennis table (did I hear someone say beer pong?), table football and a pool table too. Also if we do it here I don't have to move. \n\nAs I'm sure (I hope) you are all aware, the fantastic (free) Friday night institution of ULU is just round the corner from University, and conveniently, so is my halls, so I figured we could all come here for drinks from 8-11pm (when the bar closes), and then those who wanted to come to ULU could then do so.\n\nBecause the bar is properly licensed and stuff, you can't drink your own drinks in the bar area until it closes at 11, but if you want to save some money (i.e. \u00c2\u00a31 a beer was too steep for your budget), then feel free to bring a few bits for post bar and pre-ULU from 11.00-11.30.\n\nLooking forward to seeing you all there, let me know soon-ish if you can come so I can tell the bar manager how many bar staff will be needed!",
        "create_timestamp": 1480952876
      },
      {
        "name": "We love Connaught Staff",
        "start_timestamp": 1481887800,
        "end_timestamp": 0
      },
      {
        "name": "Rory's 21st",
        "start_timestamp": 1481830200,
        "end_timestamp": 1481842800
      },
      {
        "name": "Christmas Party",
        "start_timestamp": 1481313600,
        "end_timestamp": 1481324400
      },
      {
        "name": "Bunker- UniversityU Drama Society",
        "start_timestamp": 1481137200,
        "end_timestamp": 1481223600
      },
      {
        "name": "Bar Christmas Decorating + Love Actually",
        "start_timestamp": 1481054400,
        "end_timestamp": 1481065200
      },
      {
        "name": "Crack Den Bros and Ho Ho Hoes",
        "start_timestamp": 1480795200,
        "end_timestamp": 0
      },
      {
        "name": "The PPE Afterparty Rager.",
        "start_timestamp": 1480721400,
        "end_timestamp": 1480734000
      },
      {
        "name": "University PPE Christmas Ball",
        "start_timestamp": 1480701600,
        "end_timestamp": 1480721400
      },
      {
        "name": "Connaught Cheese and Wine Night",
        "start_timestamp": 1480363200,
        "end_timestamp": 1480374000
      },
      {
        "name": "Beginners Poker Game + Social (FREE GAME)",
        "start_timestamp": 1480188600,
        "end_timestamp": 0
      },
      {
        "name": "Winter Wonderland 2016, 18 Nov - 2nd Jan",
        "start_timestamp": 1479488400,
        "end_timestamp": 0
      },
      {
        "name": "USA Election Night watch-a-long!!!",
        "start_timestamp": 1478649540,
        "end_timestamp": 0
      },
      {
        "name": "TODAY - Andrew McAfee - \"Second Machine Age\"",
        "start_timestamp": 1478195400,
        "end_timestamp": 1478199600
      },
      {
        "name": "Halloween party",
        "start_timestamp": 1477767600,
        "end_timestamp": 1477791000
      },
      {
        "name": "F*ck Me It's Hildyard! - Londons Biggest House Party!",
        "start_timestamp": 1477162800,
        "end_timestamp": 0
      },
      {
        "name": "Networking with CMS",
        "start_timestamp": 1477069200,
        "end_timestamp": 0
      },
      {
        "name": "Flying Spaghetti Monster Dinner",
        "start_timestamp": 1477002600,
        "end_timestamp": 1477008000
      },
      {
        "name": "Vote Elliott Christensen for NUS delegate",
        "start_timestamp": 1476871200,
        "end_timestamp": 1477472400
      },
      {
        "name": "ABC Party",
        "start_timestamp": 1475951400,
        "end_timestamp": 1475973000
      },
      {
        "name": "Welcome (to the) Party ",
        "start_timestamp": 1475175600,
        "end_timestamp": 0
      },
      {
        "name": "Connaught Hall Pub Quiz",
        "start_timestamp": 1475006400,
        "end_timestamp": 1475013600
      },
      {
        "name": "Cheese and Wine Night @ Connaught Bar",
        "start_timestamp": 1474741800,
        "end_timestamp": 1474754400
      },
      {
        "name": "Big Daddy & Boland's birthday drinks",
        "start_timestamp": 1473100200,
        "end_timestamp": 0
      },
      {
        "name": "Ryan's 21st",
        "start_timestamp": 1472839200,
        "end_timestamp": 1472860800
      },
      {
        "name": "ScotFest 2016",
        "start_timestamp": 1471111200,
        "end_timestamp": 0
      },
      {
        "name": "Summer Party",
        "start_timestamp": 1466879400,
        "end_timestamp": 1466935200
      },
      {
        "name": "Surprise birthday drinks for Connor and El",
        "start_timestamp": 1465732800,
        "end_timestamp": 0
      },
      {
        "name": "Birthday Pub Golf",
        "start_timestamp": 1462701600,
        "end_timestamp": 0
      },
      {
        "name": "Bday!",
        "start_timestamp": 1462042800,
        "end_timestamp": 0
      },
      {
        "name": "Bath Basketball End of Season Meal",
        "start_timestamp": 1461348000,
        "end_timestamp": 0
      },
      {
        "name": "Bday Celebrations x2",
        "start_timestamp": 1456516800,
        "end_timestamp": 0
      },
      {
        "name": "Any excuse for a gathering",
        "start_timestamp": 1452366000,
        "end_timestamp": 0
      },
      {
        "name": "Dodds' for New Years",
        "start_timestamp": 1451590200,
        "end_timestamp": 0
      },
      {
        "name": "Big Game 8 with Foz & Friends",
        "start_timestamp": 1451221200,
        "end_timestamp": 0
      },
      {
        "name": "20th Birthday Dinner",
        "start_timestamp": 1450641600,
        "end_timestamp": 0
      },
      {
        "name": "SNOWBALL 2015",
        "start_timestamp": 1449696600,
        "end_timestamp": 0
      },
      {
        "name": "Bath Basketball Christmas Do + Snowball",
        "start_timestamp": 1449687600,
        "end_timestamp": 0
      },
      {
        "name": "Bath Hat Society Christmas Meal",
        "start_timestamp": 1449345600,
        "end_timestamp": 1449345660
      },
      {
        "name": "Nativity SCORE",
        "start_timestamp": 1449090000,
        "end_timestamp": 0
      },
      {
        "name": "The Moles Relaunch with: DON BROCO + Press To Meco + An Arcane Dispute | 27.11.15 - SOLD OUT!!!",
        "start_timestamp": 1448649000,
        "end_timestamp": 1448663400
      },
      {
        "name": "Mad House Party 5.0",
        "start_timestamp": 1448136000,
        "end_timestamp": 0
      },
      {
        "name": "\u00e2\u0099\u009b\u00e2\u0099\u009b\u00e2\u0099\u009b\u00e2\u0099\u009bHOUSE PARTY\u00e2\u0099\u009b\u00e2\u0099\u009b\u00e2\u0099\u009b\u00e2\u0099\u009bCelebration to mark MDXL years since Romulus Augustulus was proclaimed Western Roman Emperor\u00e2\u0099\u009b\u00e2\u0099\u009b\u00e2\u0099\u009b\u00e2\u0099\u009b",
        "start_timestamp": 1446321600,
        "end_timestamp": 0
      },
      {
        "name": "Performance League - Jaegers",
        "start_timestamp": 1446289200,
        "end_timestamp": 0
      },
      {
        "name": "ZOMBIE APOCALYPSE 2015",
        "start_timestamp": 1446231600,
        "end_timestamp": 1446256800
      },
      {
        "name": "Bath Basketball Double Header",
        "start_timestamp": 1445425200,
        "end_timestamp": 0
      },
      {
        "name": "KLASS // THE BAYWATCH PARTY // SATURDAY 3RD OCTOBER",
        "start_timestamp": 1443906000,
        "end_timestamp": 1443924000
      },
      {
        "name": "Pre Uni Gath",
        "start_timestamp": 1442422800,
        "end_timestamp": 0
      },
      {
        "name": "Dinner Party",
        "start_timestamp": 1442172600,
        "end_timestamp": 0
      },
      {
        "name": "Touch Tourny",
        "start_timestamp": 1441886400,
        "end_timestamp": 0
      },
      {
        "name": "BBQ Pool Party",
        "start_timestamp": 1441717200,
        "end_timestamp": 1441749600
      },
      {
        "name": "Moving House Party",
        "start_timestamp": 1441641600,
        "end_timestamp": 0
      },
      {
        "name": "Birthdays and Goodbyes",
        "start_timestamp": 1441204200,
        "end_timestamp": 0
      },
      {
        "name": "Mad Decent Block Party 2015 - New York City (Saturday) (18+)",
        "start_timestamp": 1439017200,
        "end_timestamp": 0
      },
      {
        "name": "We need to do meet up again at some point!",
        "start_timestamp": 1418515200,
        "end_timestamp": 0
      },
      {
        "name": "Leaving thing",
        "start_timestamp": 1412096400,
        "end_timestamp": 0
      },
      {
        "name": "Leaving Party",
        "start_timestamp": 1410548400,
        "end_timestamp": 1410564600
      },
      {
        "name": "Old boys rugby",
        "start_timestamp": 1409490000,
        "end_timestamp": 0
      },
      {
        "name": "50 50 21 18 (30thYoli&Liam, 31st Clare&Dave&Yoli)",
        "start_timestamp": 1409482800,
        "end_timestamp": 1409565600
      },
      {
        "name": "Liam and Yols 18th and 21st",
        "start_timestamp": 1409421600,
        "end_timestamp": 1409482800
      },
      {
        "name": "Pre Party... Party?",
        "start_timestamp": 1409409000,
        "end_timestamp": 0
      },
      {
        "name": "#HashtagThursdays Krispy Kreme Doughnuts Party #FreeKrispyKremes!!",
        "start_timestamp": 1409259600,
        "end_timestamp": 1409277600
      },
      {
        "name": "READING FESTIVAL - TICKET SALE",
        "start_timestamp": 1408662000,
        "end_timestamp": 0
      },
      {
        "name": "Let's get lei'd!",
        "start_timestamp": 1408129200,
        "end_timestamp": 0
      },
      {
        "name": "SAVE THE DATE: Jack and Emilys joint 18th and 20+1",
        "start_timestamp": 1404585000,
        "end_timestamp": 0
      },
      {
        "name": "18th Parday",
        "start_timestamp": 1403892000,
        "end_timestamp": 0
      },
      {
        "name": "The 18th",
        "start_timestamp": 1403548200,
        "end_timestamp": 1403566200
      },
      {
        "name": "PARTY",
        "start_timestamp": 1403373600,
        "end_timestamp": 1403395200
      },
      {
        "name": "Year 13 Leavers Day",
        "start_timestamp": 1400230800,
        "end_timestamp": 0
      },
      {
        "name": "Boarders vs. Days Football",
        "start_timestamp": 1400166900,
        "end_timestamp": 0
      },
      {
        "name": "My 18th",
        "start_timestamp": 1399208400,
        "end_timestamp": 0
      },
      {
        "name": "MARCH MASHUP",
        "start_timestamp": 1395516600,
        "end_timestamp": 0
      },
      {
        "name": "The Battle For Middle Earth",
        "start_timestamp": 1388534400,
        "end_timestamp": 1398812400
      },
      {
        "name": "VIVA LAS VEGAS",
        "start_timestamp": 1387652400,
        "end_timestamp": 1387670100
      },
      {
        "name": "Tom & Luke's 18th",
        "start_timestamp": 1384630200,
        "end_timestamp": 1384646400
      },
      {
        "name": "18th Vodka Revolution Bar in london",
        "start_timestamp": 1383955200,
        "end_timestamp": 0
      },
      {
        "name": "18th",
        "start_timestamp": 1380393000,
        "end_timestamp": 1380411000
      },
      {
        "name": "Fiesta",
        "start_timestamp": 1379183400,
        "end_timestamp": 1379203200,
        "description": "Fuck me, it's our last year!\nBring booze, let's make it a good one, timing and date is tbc, but will probs stick to this! Inbox for plus ones (or if I've forgotten someone), if you post publicly they'll be less likely :D\nLet me know if you can't come so I know numbers.",
        "create_timestamp": 1376859332
      },
      {
        "name": "Ryan's 18th",
        "start_timestamp": 1378576800,
        "end_timestamp": 0
      },
      {
        "name": "Boland's 18th",
        "start_timestamp": 1378492200,
        "end_timestamp": 1378510200
      },
      {
        "name": "How did this happen?!",
        "start_timestamp": 1378146600,
        "end_timestamp": 0,
        "description": "People are coming round mine tonight, come if you can",
        "create_timestamp": 1378139032
      },
      {
        "name": "18TH",
        "start_timestamp": 1377541800,
        "end_timestamp": 0
      },
      {
        "name": "Joe's Crazy shinanigans Bday Party!!",
        "start_timestamp": 1373133600,
        "end_timestamp": 1373151600
      },
      {
        "name": "LAD's Weekend",
        "start_timestamp": 1372460400,
        "end_timestamp": 0
      },
      {
        "name": "17th Party",
        "start_timestamp": 1372444200,
        "end_timestamp": 1372462200
      },
      {
        "name": "Poker night and other things",
        "start_timestamp": 1371841200,
        "end_timestamp": 0,
        "place": {
          "name": "Tiffins Place"
        },
        "description": "Play poker, get gazeboed.\n\nKind of an exam celebration, but also because I figured I should probably use the poker set I got for my birthday in summer last year.. Staying over is an option but let me know about it as early as you can.\nPossible Drinking rules: http://www.drinkswap.com/games/beer-poker.htm#.UZFzuLWze8A\nthough might slightly modify them, we'll see!",
        "create_timestamp": 1368486964
      },
      {
        "name": "Party",
        "start_timestamp": 1371322800,
        "end_timestamp": 0
      },
      {
        "name": "Birthday Partyy",
        "start_timestamp": 1371192300,
        "end_timestamp": 1371207600
      },
      {
        "name": "Pre-drinks before cornwallis dinner",
        "start_timestamp": 1370707200,
        "end_timestamp": 0,
        "description": "come round and bring alcohol if you can, I don't know who everyone is bringing so if I have forgotten anyone in the year just tell them yourself and invite them to this (I've made it so you guys can invite people too)",
        "create_timestamp": 1370695819
      },
      {
        "name": "End of Exams!!",
        "start_timestamp": 1370523600,
        "end_timestamp": 1370602800
      },
      {
        "name": "Mid half term Brecknock gathering",
        "start_timestamp": 1369936800,
        "end_timestamp": 0
      },
      {
        "name": "Kent U17 7's Tournament",
        "start_timestamp": 1366470000,
        "end_timestamp": 0
      },
      {
        "name": "Got a new phone so need numbers please :)",
        "start_timestamp": 1363366800,
        "end_timestamp": 0
      },
      {
        "name": "New phone, numbers please.",
        "start_timestamp": 1359849600,
        "end_timestamp": 0
      },
      {
        "name": "Iphone - numbers please",
        "start_timestamp": 1359561600,
        "end_timestamp": 0
      },
      {
        "name": "Numbers&pinns pleeeaaseee.",
        "start_timestamp": 1356710400,
        "end_timestamp": 0
      },
      {
        "name": "BIGGEST PARTY EVER, just in case the world does end.",
        "start_timestamp": 1355979600,
        "end_timestamp": 1356066000
      },
      {
        "name": "18th ParDy",
        "start_timestamp": 1355945400,
        "end_timestamp": 1355961600
      },
      {
        "name": "Numbers please - I lost them all",
        "start_timestamp": 1354233600,
        "end_timestamp": 0
      },
      {
        "name": "Bday.",
        "start_timestamp": 1352487600,
        "end_timestamp": 1352503800
      },
      {
        "name": "Humphrey's birthday.",
        "start_timestamp": 1347123600,
        "end_timestamp": 0
      },
      {
        "name": "Brancork Old Boys Rugby 2012",
        "start_timestamp": 1346540400,
        "end_timestamp": 0
      },
      {
        "name": "Big ol' 16th Bad Boy ",
        "start_timestamp": 1344103200,
        "end_timestamp": 1344123000
      },
      {
        "name": "Birthday/Pool Party",
        "start_timestamp": 1343757600,
        "end_timestamp": 0
      },
      {
        "name": "party",
        "start_timestamp": 1343583000,
        "end_timestamp": 0
      },
      {
        "name": "Paint balling",
        "start_timestamp": 1343430000,
        "end_timestamp": 0
      },
      {
        "name": "Year 11 Saravians",
        "start_timestamp": 1342632600,
        "end_timestamp": 0
      },
      {
        "name": "16th Birthday Party :D",
        "start_timestamp": 1342377000,
        "end_timestamp": 1342393200
      },
      {
        "name": "Party",
        "start_timestamp": 1342202400,
        "end_timestamp": 1342220400,
        "description": "my house, bring your own booze, no drugs, only smoking outside, inbox me for plus ones, or they won't come in.. pretty much it, just don't chunder!\n\nand no one can stay round so make your own arrangements for sleeping - just to be clear, everyone will leave at midnight, so get picked up then",
        "create_timestamp": 1341766676
      },
      {
        "name": "My birthday - 'uniform in general' theme like army, fireman, nurse...",
        "start_timestamp": 1341685800,
        "end_timestamp": 1341702000
      },
      {
        "name": "New phone - numbers por favor",
        "start_timestamp": 1341097200,
        "end_timestamp": 0
      },
      {
        "name": "Lets shave hulbert's head/big vern's grand finale",
        "start_timestamp": 1340431200,
        "end_timestamp": 0
      },
      {
        "name": " That annoying numbers & PINs group",
        "start_timestamp": 1335740400,
        "end_timestamp": 0
      },
      {
        "name": "Katy and James' 16th PARTAAAAAAAAY",
        "start_timestamp": 1334946600,
        "end_timestamp": 1334961000
      },
      {
        "name": "I know these are annoying but BBM pins and numbers please",
        "start_timestamp": 1333231200,
        "end_timestamp": 1333242000
      },
      {
        "name": "Birthday party",
        "start_timestamp": 1325923200,
        "end_timestamp": 1325937600
      },
      {
        "name": "Numbers and BBM pins",
        "start_timestamp": 1325370600,
        "end_timestamp": 1325381400
      },
      {
        "name": "Lets get TROLLIED",
        "start_timestamp": 1324323000,
        "end_timestamp": 1324378800
      },
      {
        "name": "My Birthdaaaaaay <3",
        "start_timestamp": 1324069200,
        "end_timestamp": 1324116000
      },
      {
        "name": "Black tie dinner for Sophie's birthday",
        "start_timestamp": 1321729200,
        "end_timestamp": 1321743600
      },
      {
        "name": "Jenna Peevor - Lost all my numbers + pins!!",
        "start_timestamp": 1321491600,
        "end_timestamp": 1326168000
      },
      {
        "name": "Jenna Peevor - Lost all my numbers + pins!!",
        "start_timestamp": 1321491600,
        "end_timestamp": 1326168000
      },
      {
        "name": "Charlie Needs Numbers & PINs",
        "start_timestamp": 1321430400,
        "end_timestamp": 1321441200
      },
      {
        "name": "http://www.shouldertoshoulder.org.uk/",
        "start_timestamp": 1321009200,
        "end_timestamp": 1321056000
      },
      {
        "name": "Numbers and bbms please",
        "start_timestamp": 1320514200,
        "end_timestamp": 1320525000
      },
      {
        "name": "after biddenden blaze...its actually happeneing...",
        "start_timestamp": 1320397200,
        "end_timestamp": 1320408000
      },
      {
        "name": "new phone, numbers and bbms pleasseee",
        "start_timestamp": 1319833800,
        "end_timestamp": 1322267400
      },
      {
        "name": "Need numbers- new phone!! YES xx",
        "start_timestamp": 1316905200,
        "end_timestamp": 1316916000
      },
      {
        "name": "party",
        "start_timestamp": 1314988200,
        "end_timestamp": 1315040400
      },
      {
        "name": "BBQ/Party",
        "start_timestamp": 1314723600,
        "end_timestamp": 1314741600,
        "description": "its just a small thing round my house for my birthday- barbecue, soft drinks (bring your own booze), and music. bring warm clothes, and for people who can't find anywhere to crash, or live far away, there might be a chance of staying at mine for the night, inbox me (don't post on wall), and i'll say if i have space and you can stay. and one thing, sorry about this but: NO WEED or other drugs. at all",
        "create_timestamp": 1314361940
      },
      {
        "name": "Number and pinss please :) 07540881358 27a76765",
        "start_timestamp": 1311373800,
        "end_timestamp": 1311384600
      },
      {
        "name": "Numbers and pins please :)",
        "start_timestamp": 1309642200,
        "end_timestamp": 1309653000
      },
      {
        "name": "new phone :) numbers pls X",
        "start_timestamp": 1309465800,
        "end_timestamp": 1309476600
      },
      {
        "name": "another phone-numbers and pins pleasee",
        "start_timestamp": 1309390200,
        "end_timestamp": 1309401000
      },
      {
        "name": "JESS ATKINS - BBM AND NUMBERS.",
        "start_timestamp": 1305023400,
        "end_timestamp": 1305034200
      },
      {
        "name": "PINS AND NUMBERS PLEASEE - lost most contacts last night :( ",
        "start_timestamp": 1304109000,
        "end_timestamp": 1304119800
      },
      {
        "name": "numbers and pins pleasee :)",
        "start_timestamp": 1303941600,
        "end_timestamp": 1304211600
      },
      {
        "name": "Need Numbers - CBK",
        "start_timestamp": 1299884400,
        "end_timestamp": 1300413600
      },
      {
        "name": "training.",
        "start_timestamp": 1298962800,
        "end_timestamp": 1298966400
      },
      {
        "name": "Lucys phone got stolen pleaaase give me your numbers and pins - sorry!",
        "start_timestamp": 1298811600,
        "end_timestamp": 1299772800
      },
      {
        "name": "Lord Voldemort's Birthday Party",
        "start_timestamp": 1281708000,
        "end_timestamp": 1281792600
      },
      {
        "name": "International Skip School Day",
        "start_timestamp": 1267084800,
        "end_timestamp": 1267128000
      }
    ],
    "events_declined": [
      {
        "name": "Alumni Social",
        "start_timestamp": 1582394400,
        "end_timestamp": 0
      },
      {
        "name": "New Years",
        "start_timestamp": 1577818800,
        "end_timestamp": 0
      },
      {
        "name": "Welcome to East Ferry",
        "start_timestamp": 1573938000,
        "end_timestamp": 0
      },
      {
        "name": "Isabel's private beach party (unaware content)",
        "start_timestamp": 1569097800,
        "end_timestamp": 0
      },
      {
        "name": "22 and before I go... just an excuse for a drink",
        "start_timestamp": 1569085200,
        "end_timestamp": 0
      },
      {
        "name": "inbound",
        "start_timestamp": 1564768800,
        "end_timestamp": 0
      },
      {
        "name": "Summertime partytime",
        "start_timestamp": 1564160400,
        "end_timestamp": 0
      },
      {
        "name": "summer bbq // chill",
        "start_timestamp": 1562439600,
        "end_timestamp": 0
      },
      {
        "name": "yikes A&E are having a 21st",
        "start_timestamp": 1561311000,
        "end_timestamp": 1561330800
      },
      {
        "name": "Alumni \u00f0\u009f\u008f\u0080 2019!",
        "start_timestamp": 1555156800,
        "end_timestamp": 0
      },
      {
        "name": "Happy Clue Year",
        "start_timestamp": 1546281000,
        "end_timestamp": 0
      },
      {
        "name": "UBRFC Christmas Dinner",
        "start_timestamp": 1544810400,
        "end_timestamp": 0
      },
      {
        "name": "Mews Charity GIG II",
        "start_timestamp": 1543519800,
        "end_timestamp": 1543532400
      },
      {
        "name": "Edo and Lo\u00e2\u0080\u0099s Visionary Party",
        "start_timestamp": 1543087800,
        "end_timestamp": 0
      },
      {
        "name": "10 Downing Mews",
        "start_timestamp": 1540580400,
        "end_timestamp": 0
      },
      {
        "name": "Old Brancorkians vs Old Eastbournians",
        "start_timestamp": 1536411600,
        "end_timestamp": 0
      },
      {
        "name": "Summer Party",
        "start_timestamp": 1535823000,
        "end_timestamp": 1535857200
      },
      {
        "name": "Laidlaw Bowling",
        "start_timestamp": 1530817200,
        "end_timestamp": 0
      },
      {
        "name": "Kappa Delta",
        "start_timestamp": 1527688800,
        "end_timestamp": 0
      },
      {
        "name": "Stratford to Camden",
        "start_timestamp": 1527177600,
        "end_timestamp": 0
      },
      {
        "name": "Gays and Minorities!",
        "start_timestamp": 1521234000,
        "end_timestamp": 0
      },
      {
        "name": "The BIG 19.5",
        "start_timestamp": 1516384800,
        "end_timestamp": 1516503900
      },
      {
        "name": "House Party",
        "start_timestamp": 1509739200,
        "end_timestamp": 0
      },
      {
        "name": "JACK'S LEAVING SHINDIG",
        "start_timestamp": 1505334600,
        "end_timestamp": 0
      },
      {
        "name": "Life quarterly!",
        "start_timestamp": 1502218800,
        "end_timestamp": 0
      },
      {
        "name": "Holiday in Salento!",
        "start_timestamp": 1496052000,
        "end_timestamp": 0
      },
      {
        "name": "bank holiday sunday funday!",
        "start_timestamp": 1472389200,
        "end_timestamp": 0
      },
      {
        "name": "Thorpe Park Fright Night - Official Southampton Takeover - Sat 24th Oct",
        "start_timestamp": 1445678100,
        "end_timestamp": 1445724000
      },
      {
        "name": "Summer Shindig",
        "start_timestamp": 1437764400,
        "end_timestamp": 1437786000
      },
      {
        "name": "19th",
        "start_timestamp": 1437157800,
        "end_timestamp": 1437175800
      },
      {
        "name": "GuyMac @ Egg | Friday 10th July",
        "start_timestamp": 1436482800,
        "end_timestamp": 0
      },
      {
        "name": "Brancork School vs Lynxes",
        "start_timestamp": 1435744800,
        "end_timestamp": 0
      },
      {
        "name": "Coming Home",
        "start_timestamp": 1435510800,
        "end_timestamp": 0
      },
      {
        "name": "Summer house party",
        "start_timestamp": 1435345200,
        "end_timestamp": 0
      },
      {
        "name": "2015-eko AIHERRAko Pestak / F\u00c3\u00aates d'AYHERRE 2015",
        "start_timestamp": 1435345200,
        "end_timestamp": 0
      },
      {
        "name": "Get Lucky 17.01.14 // FREE ENTRY BEFORE 11PM //",
        "start_timestamp": 1422050400,
        "end_timestamp": 1422068400
      },
      {
        "name": "BESTIVAL TICKETS",
        "start_timestamp": 1409785200,
        "end_timestamp": 0
      },
      {
        "name": "18th party",
        "start_timestamp": 1397244600,
        "end_timestamp": 1397264400
      },
      {
        "name": "Todos por Tadeo",
        "start_timestamp": 1385949600,
        "end_timestamp": 0
      },
      {
        "name": "LA XXX DESFILA",
        "start_timestamp": 1382743800,
        "end_timestamp": 1382752800
      },
      {
        "name": "#KUDATUESDAYS! | THE ENTOURAGE TONIGHT - York's BIGGEST Tuesday Night!",
        "start_timestamp": 1382477400,
        "end_timestamp": 0
      },
      {
        "name": "\u00e2\u0099\u0094 SUNDAY REVS | OFFICIAL STUDENT SUNDAYS Revolution",
        "start_timestamp": 1382302800,
        "end_timestamp": 0
      },
      {
        "name": "Camping 2013!",
        "start_timestamp": 1375916400,
        "end_timestamp": 0
      },
      {
        "name": "Dinner Party",
        "start_timestamp": 1364927400,
        "end_timestamp": 0
      },
      {
        "name": "New Phone - Numbers Please",
        "start_timestamp": 1359648000,
        "end_timestamp": 0
      },
      {
        "name": "Berts New Years Bits",
        "start_timestamp": 1357326000,
        "end_timestamp": 0
      },
      {
        "name": "Seeing as I pissed myself...",
        "start_timestamp": 1350687600,
        "end_timestamp": 0
      },
      {
        "name": "Siren Live at Nambucca",
        "start_timestamp": 1349460000,
        "end_timestamp": 0
      },
      {
        "name": "A exchange with me the next year!!!",
        "start_timestamp": 1345672800,
        "end_timestamp": 1345683600
      },
      {
        "name": "Partay",
        "start_timestamp": 1345226400,
        "end_timestamp": 1345242600
      },
      {
        "name": "Party",
        "start_timestamp": 1344709800,
        "end_timestamp": 1344727800
      },
      {
        "name": "Nils' and Newby's 16th",
        "start_timestamp": 1335637800,
        "end_timestamp": 1335650400
      },
      {
        "name": "Biarro Big Band en TPA.",
        "start_timestamp": 1330707600,
        "end_timestamp": 1331764200
      },
      {
        "name": "16th - theme: pimps and hoes",
        "start_timestamp": 1329507000,
        "end_timestamp": 1329564600
      },
      {
        "name": "Lets Go Crazy Rocky Horror 16+ @ Cable Nightclub - Huge Line-up",
        "start_timestamp": 1319400000,
        "end_timestamp": 1319432400
      },
      {
        "name": "I (Tom Edwards) HAVE A NEW PHONE PLEASE CAN I HAVE YOUR NUMBERS!!!",
        "start_timestamp": 1315438200,
        "end_timestamp": 1315449000
      },
      {
        "name": "The first 200,000 participants - Will Get A Pair of Team Fbook Shoes Free! ",
        "start_timestamp": 1311859800,
        "end_timestamp": 1320946200
      },
      {
        "name": "Beginners adventure race in Angley woods",
        "start_timestamp": 1303722000,
        "end_timestamp": 1303732800
      },
      {
        "name": "How to see who viewed your profile!!",
        "start_timestamp": 1303682400,
        "end_timestamp": 1303693200
      },
      {
        "name": "How to see who viewed your profile!!",
        "start_timestamp": 1303682400,
        "end_timestamp": 1303693200
      },
      {
        "name": "Official App: See Who has Viewed your Profile?  Find out here! .atyf9 ",
        "start_timestamp": 1302973200,
        "end_timestamp": 1302984000
      },
      {
        "name": "Chase And Status",
        "start_timestamp": 1292616000,
        "end_timestamp": 1292626800
      },
      {
        "name": "Come watch kings fuck latymer at football!!! x",
        "start_timestamp": 1267257600,
        "end_timestamp": 1267272000
      }
    ],
    "events_interested": [
      {
        "name": "Data and Democracy",
        "start_timestamp": 1573065000,
        "end_timestamp": 1573070400
      },
      {
        "name": "Google Workshop - Building your own Machine Learning App",
        "start_timestamp": 1571418000,
        "end_timestamp": 1571425200
      },
      {
        "name": "The Future of AI: Ethics, Policy and Regulation",
        "start_timestamp": 1570123800,
        "end_timestamp": 1570129200
      },
      {
        "name": "H&M PARTY",
        "start_timestamp": 1569699000,
        "end_timestamp": 0
      },
      {
        "name": "The Big Jewish Freshers' BBQ!",
        "start_timestamp": 1569171600,
        "end_timestamp": 1569184200
      },
      {
        "name": "The Man at the Edinburgh Fringe Festival.",
        "start_timestamp": 1564574700,
        "end_timestamp": 1566824700
      },
      {
        "name": "Sipping a cheeky mojito on the overground",
        "start_timestamp": 1561201200,
        "end_timestamp": 1561222800
      },
      {
        "name": "Slade Undergraduate Degree Show 2019",
        "start_timestamp": 1558112400,
        "end_timestamp": 1558638000
      },
      {
        "name": "London University touch tournament",
        "start_timestamp": 1556294400,
        "end_timestamp": 1556305200
      },
      {
        "name": "University and SOAS go to the Climate Strike",
        "start_timestamp": 1552647600,
        "end_timestamp": 1552658400
      },
      {
        "name": "Huis Clos, a play by University Francophone Society",
        "start_timestamp": 1551812400,
        "end_timestamp": 1551819600
      },
      {
        "name": "Huis Clos, a play by University Francophone Society",
        "start_timestamp": 1551812400,
        "end_timestamp": 1551992400
      },
      {
        "name": "100 Club Presents with Reginald D Hunter",
        "start_timestamp": 1549481400,
        "end_timestamp": 1549492200
      },
      {
        "name": "Dr Ha-Joon Chang - \"State and Economic Change\"",
        "start_timestamp": 1549476000,
        "end_timestamp": 1549479600
      },
      {
        "name": "How to Cure Ageing with Aubrey de Grey",
        "start_timestamp": 1549303200,
        "end_timestamp": 1549310400
      },
      {
        "name": "UniversityFC Pub Quiz for Mental Health",
        "start_timestamp": 1547578800,
        "end_timestamp": 1547586000
      },
      {
        "name": "Boys Film Night Mark 2.0",
        "start_timestamp": 1545505200,
        "end_timestamp": 0
      },
      {
        "name": "Epic Halloween Party",
        "start_timestamp": 1541102400,
        "end_timestamp": 1541124000
      },
      {
        "name": "Coasts 'Farewell Tour' / O2 Shepherds Bush Empire",
        "start_timestamp": 1540753200,
        "end_timestamp": 1540767600
      },
      {
        "name": "University Men's Rugby Preseason",
        "start_timestamp": 1536674400,
        "end_timestamp": 1537459200
      },
      {
        "name": "Demand Boomtown Play The ChuckleVision Theme Through All Rigs",
        "start_timestamp": 1534026000,
        "end_timestamp": 0
      },
      {
        "name": "Camels Final Edinburgh Preview",
        "start_timestamp": 1532462400,
        "end_timestamp": 1532466000
      },
      {
        "name": "na na na na, hey hey hey, goodbye",
        "start_timestamp": 1529841600,
        "end_timestamp": 0
      },
      {
        "name": "Running Through A Field Of Wheat",
        "start_timestamp": 1529751600,
        "end_timestamp": 1529762400
      },
      {
        "name": "sim's real actual last party ever",
        "start_timestamp": 1529175600,
        "end_timestamp": 1529218800
      },
      {
        "name": "Jeremy Corbyn Victory Rave",
        "start_timestamp": 1528570800,
        "end_timestamp": 1528668000
      },
      {
        "name": "The Mandy Walker Games 2018",
        "start_timestamp": 1527937200,
        "end_timestamp": 1527973200
      },
      {
        "name": "Sportsnite at Loop Bar Relaunch!",
        "start_timestamp": 1526504400,
        "end_timestamp": 1526522400
      },
      {
        "name": "Liam's 22nd Birthday MEETHING?",
        "start_timestamp": 1526142600,
        "end_timestamp": 1526166000
      },
      {
        "name": "You and AI \u00e2\u0080\u0093 the history, capabilities and frontiers of AI",
        "start_timestamp": 1525109400,
        "end_timestamp": 1525113000
      },
      {
        "name": "Ed Balls Day Pub Crawl",
        "start_timestamp": 1524940200,
        "end_timestamp": 1524956340
      },
      {
        "name": "London Universities 7s",
        "start_timestamp": 1524654000,
        "end_timestamp": 1524672000
      },
      {
        "name": "End (?) of Strike Party",
        "start_timestamp": 1521838800,
        "end_timestamp": 1521849600
      },
      {
        "name": "FindMyProvost Search & Rescue Party",
        "start_timestamp": 1521121500,
        "end_timestamp": 1521129600
      },
      {
        "name": "London Varsity Series 2018 - Football",
        "start_timestamp": 1520874000,
        "end_timestamp": 1520888400
      },
      {
        "name": "Fresh: March",
        "start_timestamp": 1520452800,
        "end_timestamp": 1520463600
      },
      {
        "name": "University Policy Forum:Polarisation in Contemporary Politics & Society",
        "start_timestamp": 1520431200,
        "end_timestamp": 1520447400
      },
      {
        "name": "The Importance of Being Weird",
        "start_timestamp": 1520161200,
        "end_timestamp": 1520165700
      },
      {
        "name": "Big Data Britain",
        "start_timestamp": 1519929000,
        "end_timestamp": 0
      },
      {
        "name": "Adrian Lewis: HSBC Global Head of Equity Capital Markets",
        "start_timestamp": 1519844400,
        "end_timestamp": 1519849800
      },
      {
        "name": "The Philosophy of AI and The Future of Humanity in 2200",
        "start_timestamp": 1519669800,
        "end_timestamp": 0
      },
      {
        "name": "MEWSFEST II",
        "start_timestamp": 1519502400,
        "end_timestamp": 0
      },
      {
        "name": "The Future of Healthcare: Genomics and Advanced Therapies",
        "start_timestamp": 1519477200,
        "end_timestamp": 1519495200
      },
      {
        "name": "Rise of the Machines - Dr Ha Joon Chang",
        "start_timestamp": 1519236000,
        "end_timestamp": 1519241400
      },
      {
        "name": "The Great American Wage Mystery",
        "start_timestamp": 1519149600,
        "end_timestamp": 1519155000
      },
      {
        "name": "Sack the Provost // Student General Assembly //",
        "start_timestamp": 1519149600,
        "end_timestamp": 1519153200
      },
      {
        "name": "MGMT | London",
        "start_timestamp": 1517943600,
        "end_timestamp": 1517954400
      },
      {
        "name": "University Economics Comedy Night and Talent Show",
        "start_timestamp": 1516126800,
        "end_timestamp": 1516132800
      },
      {
        "name": "IFS public economics lectures",
        "start_timestamp": 1515144600,
        "end_timestamp": 1515171000
      },
      {
        "name": "Fresh: Holiday Edition",
        "start_timestamp": 1512590400,
        "end_timestamp": 1512601200
      },
      {
        "name": "Sold Out // Gimme! Gimme! Gimme! ABBA After Midnight",
        "start_timestamp": 1512165600,
        "end_timestamp": 1512781200
      },
      {
        "name": "Short-term pain, long-term pain?",
        "start_timestamp": 1512034200,
        "end_timestamp": 1512043200
      },
      {
        "name": "Celebration of Opulence",
        "start_timestamp": 1510952400,
        "end_timestamp": 0
      },
      {
        "name": "Lukas' Birthday Party",
        "start_timestamp": 1510948800,
        "end_timestamp": 0
      },
      {
        "name": "Gordon Brown: A life in politics",
        "start_timestamp": 1510257600,
        "end_timestamp": 1510263000
      },
      {
        "name": "Cry outside the Bank of England",
        "start_timestamp": 1509634800,
        "end_timestamp": 1509645600
      },
      {
        "name": "IFS Public Talk: Are the rich paying their fair share of taxes?",
        "start_timestamp": 1508858100,
        "end_timestamp": 1508862600
      },
      {
        "name": "Mae Martin and Friends",
        "start_timestamp": 1508538600,
        "end_timestamp": 1508549400
      },
      {
        "name": "London Snowsports Trip Launch Party",
        "start_timestamp": 1508187600,
        "end_timestamp": 1508205600
      },
      {
        "name": "The Generations Game - should we change how we tax inheritance?",
        "start_timestamp": 1508173200,
        "end_timestamp": 1508184900
      },
      {
        "name": "99p Fill-A-Bag Radiator Vintage Sale! (Housewarming/Mansnothot)",
        "start_timestamp": 1507320000,
        "end_timestamp": 0
      },
      {
        "name": "British foreign policy after Brexit with Lord Owen",
        "start_timestamp": 1507222800,
        "end_timestamp": 1507228200
      },
      {
        "name": "Green Cocktails",
        "start_timestamp": 1507215600,
        "end_timestamp": 1507222800
      },
      {
        "name": "EFS Beer Pong",
        "start_timestamp": 1506967200,
        "end_timestamp": 1506985140
      },
      {
        "name": "Camels at The Cockpit",
        "start_timestamp": 1506448800,
        "end_timestamp": 1506461400
      },
      {
        "name": "Londinium: The City's Roman Story",
        "start_timestamp": 1501243200,
        "end_timestamp": 1502452800
      },
      {
        "name": "Unseat Boris Johnson",
        "start_timestamp": 1500804000,
        "end_timestamp": 1500825600
      },
      {
        "name": "What if virtual worlds become better than reality?",
        "start_timestamp": 1499970600,
        "end_timestamp": 1499976000
      },
      {
        "name": "Pride in London 2017 - Parade (Official)",
        "start_timestamp": 1499515200,
        "end_timestamp": 1499527800
      },
      {
        "name": "London Pride 2017",
        "start_timestamp": 1499511600,
        "end_timestamp": 1499551200
      },
      {
        "name": "Pride in London 2017",
        "start_timestamp": 1499508000,
        "end_timestamp": 1499565600
      },
      {
        "name": "Theresa May's Leaving Drinks",
        "start_timestamp": 1498842000,
        "end_timestamp": 1498863540
      },
      {
        "name": "The Great Get Together",
        "start_timestamp": 1497783600,
        "end_timestamp": 1497805200
      },
      {
        "name": "The Great Get Together",
        "start_timestamp": 1497639600,
        "end_timestamp": 1497821400
      },
      {
        "name": "Protest: Down With Tory/DUP Racism and Bigotry",
        "start_timestamp": 1497092400,
        "end_timestamp": 1497106800
      },
      {
        "name": "TNG on why Britain needs more not less privatization",
        "start_timestamp": 1496768400,
        "end_timestamp": 1496775600
      },
      {
        "name": "Mad House Party 7.0",
        "start_timestamp": 1496606400,
        "end_timestamp": 1496628000
      },
      {
        "name": "Battersea! Campaign for Labour's Marsha",
        "start_timestamp": 1496336400,
        "end_timestamp": 1496343600
      },
      {
        "name": "Co-Founder & CEO, Aberdeen Asset Management, Martin Gilbert",
        "start_timestamp": 1488301200,
        "end_timestamp": 1488305700
      },
      {
        "name": "Google Deepmind Co-founder, Shane Legg",
        "start_timestamp": 1485195300,
        "end_timestamp": 1485198900
      },
      {
        "name": "Camels at Camden People's Theatre",
        "start_timestamp": 1482091200,
        "end_timestamp": 1482175800
      },
      {
        "name": "Crying in the Main Quad ",
        "start_timestamp": 1481551200,
        "end_timestamp": 0
      },
      {
        "name": "Gathering of Peeps!!",
        "start_timestamp": 1403715600,
        "end_timestamp": 0
      },
      {
        "name": "HARRY JAMES GIBSON @ Brancork MUSIC FESTIVAL",
        "start_timestamp": 1379253600,
        "end_timestamp": 1379260800
      },
      {
        "name": "Ollie and Hamish's 17th (good name I know)",
        "start_timestamp": 1376762400,
        "end_timestamp": 1376776800
      },
      {
        "name": "CRFC Colts Invitational 10's",
        "start_timestamp": 1365894000,
        "end_timestamp": 0
      },
      {
        "name": "Kent Freedom Pass for 16 -20 year olds.",
        "start_timestamp": 1314831600,
        "end_timestamp": 1314842400
      },
      {
        "name": "Mo'vember 2010",
        "start_timestamp": 1288569600,
        "end_timestamp": 1291159800
      },
      {
        "name": "Old Brancorkians; boys rugby and girls hockey!!!",
        "start_timestamp": 1283353200,
        "end_timestamp": 1283365800
      }
    ]
  }
}