{
  "address_book": {
    "address_book": [
      {
        "name": "GIJBCY.ZUHXUO",
        "details": [
          
        ],
        "created_timestamp": 1574881319,
        "updated_timestamp": 1574881319
      },
      {
        "name": "OHHU.ZYAYMMY",
        "details": [
          
        ],
        "created_timestamp": 1570660625,
        "updated_timestamp": 1570660625
      },
      {
        "name": "GUGUHSIO.UULA",
        "details": [
          
        ],
        "created_timestamp": 1568926259,
        "updated_timestamp": 1568926259
      },
      {
        "name": "QUNLCH.VULLCM",
        "details": [
          
        ],
        "created_timestamp": 1564743834,
        "updated_timestamp": 1564743834
      },
      {
        "name": "NUW.DYYF",
        "details": [
          
        ],
        "created_timestamp": 1564743657,
        "updated_timestamp": 1564743657
      },
      {
        "name": "ZYQCM.VIFN",
        "details": [
          
        ],
        "created_timestamp": 1558805685,
        "updated_timestamp": 1558805685
      },
      {
        "name": "QIHHCY.GNYQULN",
        "details": [
          
        ],
        "created_timestamp": 1553211172,
        "updated_timestamp": 1553211172
      },
      {
        "name": "TFUPCU.AULWBCNYFFC",
        "details": [
          
        ],
        "created_timestamp": 1549298881,
        "updated_timestamp": 1549298881
      },
      {
        "name": "FUWBYF.YQIE",
        "details": [
          
        ],
        "created_timestamp": 1549298281,
        "updated_timestamp": 1549298281
      },
      {
        "name": "ILPC.YULUGWBUHXUHC",
        "details": [
          
        ],
        "created_timestamp": 1549298219,
        "updated_timestamp": 1549298219
      },
      {
        "name": "VOAI.TLYHWB",
        "details": [
          
        ],
        "created_timestamp": 1542725497,
        "updated_timestamp": 1542725497
      },
      {
        "name": "KCFFCUG.FIBXY.AUXMYH",
        "details": [
          
        ],
        "created_timestamp": 1542305819,
        "updated_timestamp": 1542305819
      },
      {
        "name": "AULNCH.VYUX",
        "details": [
          
        ],
        "created_timestamp": 1539885925,
        "updated_timestamp": 1539885925
      },
      {
        "name": "AULNCH.VYUX",
        "details": [
          
        ],
        "created_timestamp": 1539885925,
        "updated_timestamp": 1539885925
      },
      {
        "name": "ULOZZ.AOLLUS",
        "details": [
          
        ],
        "created_timestamp": 1539861485,
        "updated_timestamp": 1539861485
      },
      {
        "name": "OFYRYC.TIMNYL",
        "details": [
          
        ],
        "created_timestamp": 1539855407,
        "updated_timestamp": 1539855407
      },
      {
        "name": "OHXLYC.KCFFCUGM",
        "details": [
          
        ],
        "created_timestamp": 1539855385,
        "updated_timestamp": 1539855385
      },
      {
        "name": "AUNN.TULLYFF",
        "details": [
          
        ],
        "created_timestamp": 1539789638,
        "updated_timestamp": 1539789638
      },
      {
        "name": "ULUWY.ZIQY",
        "details": [
          
        ],
        "created_timestamp": 1539611416,
        "updated_timestamp": 1539611416
      },
      {
        "name": "PSLIH.QVF",
        "details": [
          
        ],
        "created_timestamp": 1538746672,
        "updated_timestamp": 1538746672
      },
      {
        "name": "PSLIH.QVF",
        "details": [
          
        ],
        "created_timestamp": 1538746672,
        "updated_timestamp": 1538746672
      },
      {
        "name": "TLUHE.AUS",
        "details": [
          
        ],
        "created_timestamp": 1538746657,
        "updated_timestamp": 1538746657
      },
      {
        "name": "TLUHE.AUS",
        "details": [
          
        ],
        "created_timestamp": 1538746657,
        "updated_timestamp": 1538746657
      },
      {
        "name": "XIBH.QFUSMIH",
        "details": [
          
        ],
        "created_timestamp": 1538583875,
        "updated_timestamp": 1538583875
      },
      {
        "name": "HIG.GHYFF",
        "details": [
          
        ],
        "created_timestamp": 1538583730,
        "updated_timestamp": 1538583730
      },
      {
        "name": "XUGYM.PYWEQCNB",
        "details": [
          
        ],
        "created_timestamp": 1538131703,
        "updated_timestamp": 1538131703
      },
      {
        "name": "VUMBCG.UOFYCX",
        "details": [
          
        ],
        "created_timestamp": 1532087157,
        "updated_timestamp": 1532087157
      },
      {
        "name": "SPU.QBYH",
        "details": [
          
        ],
        "created_timestamp": 1528286197,
        "updated_timestamp": 1528286197
      },
      {
        "name": "UCUH.DUIFI.GUVUNCHC",
        "details": [
          
        ],
        "created_timestamp": 1525812359,
        "updated_timestamp": 1525812360
      },
      {
        "name": "Hattie P-c",
        "details": [
          
        ],
        "created_timestamp": 1520252783,
        "updated_timestamp": 1520252783
      },
      {
        "name": "BCWE.CVUHE",
        "details": [
          
        ],
        "created_timestamp": 1516348798,
        "updated_timestamp": 1516348798
      },
      {
        "name": "Gregoire L\u00c3\u00a9on Dufour",
        "details": [
          
        ],
        "created_timestamp": 1511982811,
        "updated_timestamp": 1511982811
      },
      {
        "name": "CFFCY.GBILN",
        "details": [
          
        ],
        "created_timestamp": 1510585175,
        "updated_timestamp": 1510585175
      },
      {
        "name": "OHNBIHS.UYILACIO",
        "details": [
          
        ],
        "created_timestamp": 1510055088,
        "updated_timestamp": 1510055088
      },
      {
        "name": "UYILACU.XUKOYFCHY.ZYWE",
        "details": [
          
        ],
        "created_timestamp": 1509671483,
        "updated_timestamp": 1509671483
      },
      {
        "name": "TFILU.AWBYCF",
        "details": [
          {
            "contact_point": "+447808163333"
          }
        ],
        "created_timestamp": 1472059917,
        "updated_timestamp": 1472059917
      },
      {
        "name": "RUPCX.XUWEMIH",
        "details": [
          
        ],
        "created_timestamp": 1456432745,
        "updated_timestamp": 1479399029
      }
    ]
  }
}