{
  "history": [
    {
      "title": "Limited time only",
      "action": "Clicked ad",
      "timestamp": 1585325874
    },
    {
      "title": "Start Building Today",
      "action": "Clicked ad",
      "timestamp": 1585325780
    },
    {
      "title": "Lo-Fi House mix by Machine Learning",
      "action": "Clicked ad",
      "timestamp": 1584994439
    },
    {
      "title": "Lo-Fi House mix by Machine Learning",
      "action": "Clicked ad",
      "timestamp": 1584994433
    },
    {
      "title": "Negotiation made easy",
      "action": "Clicked ad",
      "timestamp": 1584993992
    },
    {
      "title": "The Grip of Film",
      "action": "Clicked ad",
      "timestamp": 1584993939
    },
    {
      "title": "Get a free chapter of \"The Precipice: Existential Risk & The Future of Humanity\"",
      "action": "Clicked ad",
      "timestamp": 1584661101
    },
    {
      "title": "(Re)launch faster",
      "action": "Clicked ad",
      "timestamp": 1584350940
    },
    {
      "title": "CALM WITH HORSES",
      "action": "Clicked ad",
      "timestamp": 1583746768
    },
    {
      "title": "Break the code barrier",
      "action": "Clicked ad",
      "timestamp": 1583154044
    },
    {
      "title": "We have a typo",
      "action": "Clicked ad",
      "timestamp": 1583064412
    },
    {
      "title": "Together, we can win.",
      "action": "Clicked ad",
      "timestamp": 1582982460
    },
    {
      "title": "Friday afternoon \u00e2\u0080\u009cask\u00e2\u0080\u009d",
      "action": "Clicked ad",
      "timestamp": 1582742543
    },
    {
      "title": "Friday afternoon \u00e2\u0080\u009cask\u00e2\u0080\u009d",
      "action": "Clicked ad",
      "timestamp": 1582742531
    },
    {
      "title": "Friday afternoon \u00e2\u0080\u009cask\u00e2\u0080\u009d",
      "action": "Clicked ad",
      "timestamp": 1582742413
    },
    {
      "title": "Friday afternoon \u00e2\u0080\u009cask\u00e2\u0080\u009d",
      "action": "Clicked ad",
      "timestamp": 1582742411
    },
    {
      "title": "Try The Economist for 12 weeks",
      "action": "Clicked ad",
      "timestamp": 1582497980
    },
    {
      "title": "Remember Anything Rapidly",
      "action": "Clicked ad",
      "timestamp": 1581938888
    },
    {
      "title": "Subscribe for \u00c2\u00a312 and get a free notebook",
      "action": "Clicked ad",
      "timestamp": 1581938458
    },
    {
      "title": "The new affordable energy company for all Londoners",
      "action": "Clicked ad",
      "timestamp": 1581938227
    },
    {
      "title": "Tired of wasting time with unorganized browser tabs?",
      "action": "Clicked ad",
      "timestamp": 1581443751
    },
    {
      "title": "Explore Skyscanner roles",
      "action": "Clicked ad",
      "timestamp": 1581240229
    },
    {
      "title": "NuFlo - ANC Earphones",
      "action": "Clicked ad",
      "timestamp": 1581162242
    },
    {
      "title": "The Morning Paper For The Busy Techies",
      "action": "Clicked ad",
      "timestamp": 1581159325
    },
    {
      "title": "Explore Skyscanner roles",
      "action": "Clicked ad",
      "timestamp": 1580687577
    },
    {
      "title": "UNLIMITED ACCESS to ALL of our courses for 4 weeks",
      "action": "Clicked ad",
      "timestamp": 1580565729
    },
    {
      "title": "Announcing the Torque Redesign",
      "action": "Clicked ad",
      "timestamp": 1580565518
    },
    {
      "title": "Code visually",
      "action": "Clicked ad",
      "timestamp": 1580565343
    },
    {
      "title": "FREE: Intro to UX Design Workshop",
      "action": "Clicked ad",
      "timestamp": 1580554976
    },
    {
      "title": "Dax Shepard Is Listening",
      "action": "Clicked ad",
      "timestamp": 1580343649
    }
  ]
}