{
  "received_requests": [
    {
      "name": "BUHWS.AYWUFF",
      "timestamp": 1583486865
    },
    {
      "name": "MOUHGI.VY",
      "timestamp": 1583102742
    },
    {
      "name": "XCVCH.DUOFIMY",
      "timestamp": 1581403621
    },
    {
      "name": "RUH.GUSFY",
      "timestamp": 1578092920
    },
    {
      "name": "BISUH.FUECV",
      "timestamp": 1578069915
    },
    {
      "name": "SNBUH.QFULEY",
      "timestamp": 1557860850
    },
    {
      "name": "AULE.VOGJBLYSM",
      "timestamp": 1304113689
    },
    {
      "name": "IDO.CZILXOG",
      "timestamp": 1303905878
    }
  ]
}