{
  "rejected_requests": [
    {
      "name": "XYGGS.FCTBCY",
      "timestamp": 1583026546
    },
    {
      "name": "EOCHH.QIRIH",
      "timestamp": 1575737708
    },
    {
      "name": "XUHY.ACWBYFF",
      "timestamp": 1577711530
    },
    {
      "name": "AYQHC.RBUHUSUEU",
      "timestamp": 1572600397
    },
    {
      "name": "AX.AUMOX",
      "timestamp": 1555609232
    },
    {
      "name": "OOAOMNUM.PO>>WCPO>>VXPCLVFCM",
      "timestamp": 1547850731
    },
    {
      "name": "ULYA.VYHXYLMIH",
      "timestamp": 1551692447
    },
    {
      "name": "OLNBOL.RUPCM",
      "timestamp": 1541251530
    },
    {
      "name": "AUR.YIWIN",
      "timestamp": 1545339296
    },
    {
      "name": "Paolo Conte'",
      "timestamp": 1534167150
    },
    {
      "name": "Se\u00c3\u00a1n O'Doherty",
      "timestamp": 1522932946
    },
    {
      "name": "VUNUG.OF;HOLUCBC",
      "timestamp": 1534672991
    },
    {
      "name": "ZYIHA.QS",
      "timestamp": 1516543954
    },
    {
      "name": "PLCHU.AUS.HUH",
      "timestamp": 1541344062
    },
    {
      "name": "OFCWY.AUUL",
      "timestamp": 1538332692
    },
    {
      "name": "DUPUH.GCHAB",
      "timestamp": 1534364883
    },
    {
      "name": "SGGUHOYF.AVIHO",
      "timestamp": 1532340234
    },
    {
      "name": "OXYDIEY.CFISUXY",
      "timestamp": 1531578947
    },
    {
      "name": "PO>>XGPO>>FCPO>>XFPO>>V?PO>>XFPO>>UUPO>>XFPO>>VDPO>>XGPO>>FG.PO>>XFPO>>UXPO>>XGPO>>FCPO>>XGPO>>FUPO>>XFPO>>UZ.PO>>XGPO>>FAPO>>XFPO>>UEPO>>XFPO>>VEPO>>XFPO>>VG",
      "timestamp": 1529203016
    },
    {
      "name": "GUHXLI",
      "timestamp": 1522445547
    },
    {
      "name": "BUNJLUJBUN.MCHASIHAMUEOHJBUCVOH",
      "timestamp": 1520238551
    },
    {
      "name": "GUNCMB.VUQUFJJUAIF",
      "timestamp": 1519810213
    },
    {
      "name": "XOFCYNNY.ONECHM",
      "timestamp": 1514163490
    },
    {
      "name": "HIG.YOLCUH",
      "timestamp": 1512434838
    },
    {
      "name": "AINOHLUSI.XILEYL.CDI",
      "timestamp": 1516479685
    },
    {
      "name": "PO>>YCPO>>G?PO>>UFPO>>YFPO>>GBPO>>VEPO>>YFPO>>GDPO>>FE",
      "timestamp": 1512430647
    },
    {
      "name": "XYIHAQYIH.QBIC",
      "timestamp": 1507559645
    },
    {
      "name": "XIY.SHAFUHX",
      "timestamp": 1505670953
    },
    {
      "name": "PCUGUB.XUHYN",
      "timestamp": 1501359903
    },
    {
      "name": "OHNIHS.GFUWE",
      "timestamp": 1500993503
    },
    {
      "name": "DLCHWY.TULCX.OBGUX",
      "timestamp": 1500654465
    },
    {
      "name": "HYLLS.KCFFCUGM",
      "timestamp": 1499638520
    },
    {
      "name": "QIFCH.HQYYF",
      "timestamp": 1500244880
    },
    {
      "name": "QIPO>>WCPO>>GZEOH.TUCE.YUPUFU",
      "timestamp": 1498177525
    },
    {
      "name": "GYULFUCN.FBIHU.UOPO>>WAPO>>UGXLS",
      "timestamp": 1497343383
    },
    {
      "name": "XIBHHS.GCCXVY",
      "timestamp": 1497661013
    },
    {
      "name": "AUHXS.TIHA",
      "timestamp": 1496002700
    },
    {
      "name": "DLCHWY.CMYC",
      "timestamp": 1495066749
    },
    {
      "name": "SFFCM.HOMNCH",
      "timestamp": 1494343492
    },
    {
      "name": "ZSEU.CLIM",
      "timestamp": 1494179741
    },
    {
      "name": "UIFXU.AYCL.DCUX",
      "timestamp": 1494074941
    },
    {
      "name": "PS.PUNB.SHNLYJLYHYOLM",
      "timestamp": 1490211288
    },
    {
      "name": "FCNU.TUFFIH",
      "timestamp": 1492240497
    },
    {
      "name": "AYAUH.ZIOCMY",
      "timestamp": 1490559901
    },
    {
      "name": "MUBSU.UUTT",
      "timestamp": 1489865036
    },
    {
      "name": "OVYF.ZUQ",
      "timestamp": 1489787653
    },
    {
      "name": "XIHUNBUH.GBYLCXUH",
      "timestamp": 1489806334
    },
    {
      "name": "GBULIH.YSFCY.SXQULXM",
      "timestamp": 1483042320
    },
    {
      "name": "HIG.GFUNYL",
      "timestamp": 1482365282
    },
    {
      "name": "ROEY.NBUHA",
      "timestamp": 1482913391
    },
    {
      "name": "QIHHIL.TIFYS",
      "timestamp": 1479657542
    },
    {
      "name": "JUFYLCY.ZYHYM",
      "timestamp": 1476320867
    },
    {
      "name": "BYCF.VULPYS",
      "timestamp": 1476517984
    },
    {
      "name": "WUH.HUH",
      "timestamp": 1473363224
    },
    {
      "name": "SZZCY.QFCHAIH",
      "timestamp": 1473644283
    },
    {
      "name": "BCUGB.AULCU",
      "timestamp": 1474051432
    },
    {
      "name": "AULWI.F.GWOIFU.ZYIHULXI",
      "timestamp": 1472635988
    },
    {
      "name": "GBUGUF.GUVUB",
      "timestamp": 1471617723
    },
    {
      "name": "FYVYWWU.BOXX",
      "timestamp": 1468416206
    },
    {
      "name": "HBUSM.RCFI",
      "timestamp": 1471389210
    },
    {
      "name": "GBYEO.GUWWIB",
      "timestamp": 1469383938
    },
    {
      "name": "ZYI.EQYMN",
      "timestamp": 1465894506
    },
    {
      "name": "DODU.GU",
      "timestamp": 1458827120
    },
    {
      "name": "XYZZLYS.XIHYM",
      "timestamp": 1458585757
    },
    {
      "name": "PCWBGUSU.UOLOHA",
      "timestamp": 1454950184
    },
    {
      "name": "AUMB.PUNB",
      "timestamp": 1449670786
    },
    {
      "name": "PO>>X>PO>>UEPO>>X>PO>>VFPO>>X>PO>>VWPO>>X>PO>>VFPO>>X?PO>>F@PO>>X>PO>>V>.PO>>X>PO>>GVPO>>X?PO>>FCPO>>X>PO>>V>PO>>X>PO>>VWPO>>X>PO>>V>PO>>X>PO>>VDPO>>X>PO>>V>PO>>X>PO>>VZPO>>X>PO>>VYPO>>X>PO>>V@PO>>X>PO>>V>",
      "timestamp": 1446808411
    },
    {
      "name": "TFILYHWY.ULYYH",
      "timestamp": 1445367416
    },
    {
      "name": "YUQUHAU.VUECG",
      "timestamp": 1446205655
    },
    {
      "name": "UYILAY.ZIQY",
      "timestamp": 1445555800
    },
    {
      "name": "CFC.HIQHMYHX",
      "timestamp": 1445553767
    },
    {
      "name": "OHXLYQ.DYHHCHANIH",
      "timestamp": 1443303039
    },
    {
      "name": "OHHU.GJOLFCHA",
      "timestamp": 1441988463
    },
    {
      "name": "AUCEYF.KCN",
      "timestamp": 1438531772
    },
    {
      "name": "ZUOLU.HUSFIL",
      "timestamp": 1432068846
    },
    {
      "name": "UOFUCH.AOECTU",
      "timestamp": 1415270230
    },
    {
      "name": "SFFU.RYQVYLLS",
      "timestamp": 1429720173
    },
    {
      "name": "WGMCLU.KIHAQILUQCJBUN",
      "timestamp": 1429611007
    },
    {
      "name": "OGYHXY.WMMUB",
      "timestamp": 1422053404
    },
    {
      "name": "PYSIOHWY.ACWBUYF",
      "timestamp": 1417229221
    },
    {
      "name": "GIF.ZUVIOXCAOY",
      "timestamp": 1408829183
    },
    {
      "name": "AOHD.VOHDOHN",
      "timestamp": 1354659759
    },
    {
      "name": "GUHNCUAI.FUGPO>>WAPO>>UXLYT.OHNIHYNY",
      "timestamp": 1354659756
    },
    {
      "name": "HIPO>>WAPO>>V?I.QILXYLI.UIHTUFYT",
      "timestamp": 1354659751
    },
    {
      "name": "HLUWS.SFFYH",
      "timestamp": 1330795354
    },
    {
      "name": "OXLCUH.YITBYPHCEIP",
      "timestamp": 1312457442
    },
    {
      "name": "XYGGU.DUYE",
      "timestamp": 1303556182
    },
    {
      "name": "ZUOLYHM.DLCWY;BIQUE",
      "timestamp": 1296858217
    },
    {
      "name": "HIG.FOGMYS",
      "timestamp": 1293699072
    },
    {
      "name": "UYY.YCG",
      "timestamp": 1287239162
    },
    {
      "name": "XUWE.VORNUVFY",
      "timestamp": 1286009087
    },
    {
      "name": "ZUR.FUHDUH",
      "timestamp": 1286009075
    },
    {
      "name": "KCFF.YCHMYFFU",
      "timestamp": 1286009072
    },
    {
      "name": "JUMBCMBN.YOGUL",
      "timestamp": 1284314013
    },
    {
      "name": "OFYR.DUOF",
      "timestamp": 1282747891
    },
    {
      "name": "TFI.GVQ",
      "timestamp": 1282065985
    },
    {
      "name": "OFYR.MIOHA",
      "timestamp": 1281807044
    },
    {
      "name": "XIY.DBCFJINN",
      "timestamp": 1279891926
    },
    {
      "name": "QIHHIL.GGCNB",
      "timestamp": 1279802921
    },
    {
      "name": "BCHU.WMBCC",
      "timestamp": 1276417255
    },
    {
      "name": "ZYIH.RYPYLYOR",
      "timestamp": 1276417139
    },
    {
      "name": "VILUWY.QBUH",
      "timestamp": 1276417115
    },
    {
      "name": "AUNN.QFULEMIH",
      "timestamp": 1276417114
    },
    {
      "name": "KCFFCUG.AIIXS",
      "timestamp": 1275314338
    },
    {
      "name": "ULUWY.TIFYS",
      "timestamp": 1275250908
    },
    {
      "name": "HBYI.UFYHWLIMM",
      "timestamp": 1275250907
    },
    {
      "name": "GULUB.QUNLCH.MIOHA",
      "timestamp": 1274464371
    },
    {
      "name": "OFYR.PUH.ZYYOQYH",
      "timestamp": 1274464370
    },
    {
      "name": "FUWBYF.QULPYL",
      "timestamp": 1274464369
    },
    {
      "name": "OHXLYQ.TULHXYH",
      "timestamp": 1274464295
    },
    {
      "name": "VIFFS.HIHAYGUH",
      "timestamp": 1274464267
    },
    {
      "name": "ULYA.JY",
      "timestamp": 1274464249
    },
    {
      "name": "TUCMUF.RYUH",
      "timestamp": 1274464197
    },
    {
      "name": "AULE.VOGJBLYSM",
      "timestamp": 1274464190
    },
    {
      "name": "OHXLYQ.QIQVOLH",
      "timestamp": 1272834515
    },
    {
      "name": "TLUHWYM.K.POMMYS",
      "timestamp": 1272097371
    },
    {
      "name": "TCHFYS..CFX",
      "timestamp": 1272097360
    },
    {
      "name": "QUFFU.FUHXUFF",
      "timestamp": 1270075102
    },
    {
      "name": "HCFFS.HIMYFUHX",
      "timestamp": 1269197217
    },
    {
      "name": "VULFYS.RUPCMIH",
      "timestamp": 1268417540
    },
    {
      "name": "TFILYHWY.VULLCM",
      "timestamp": 1268417539
    },
    {
      "name": "ZIOCM.UUXXCY",
      "timestamp": 1268417538
    },
    {
      "name": "KCFF.BYQVS",
      "timestamp": 1267914812
    },
    {
      "name": "XUGCY.MIOHA",
      "timestamp": 1267914772
    },
    {
      "name": "ACNWBYFF.PYFF",
      "timestamp": 1267283508
    },
    {
      "name": "WGIAYH.ULYCA",
      "timestamp": 1267283236
    },
    {
      "name": "YYLLS.RUPCM",
      "timestamp": 1267283181
    },
    {
      "name": "KULLYH.FIOMMYUO",
      "timestamp": 1267282733
    },
    {
      "name": "QBULFCY.PUEYL;YHCABN",
      "timestamp": 1267282731
    },
    {
      "name": "VOAI.POWBUHUH",
      "timestamp": 1267282728
    },
    {
      "name": "OFYR.BCABNCHAUFY.GGCNB",
      "timestamp": 1267282453
    },
    {
      "name": "OLWBCY.AWQIFF",
      "timestamp": 1267282375
    },
    {
      "name": "SX.KIIFAUL",
      "timestamp": 1267282352
    },
    {
      "name": "SFFCY.QLCJJM",
      "timestamp": 1266088158
    },
    {
      "name": "QIFYNNY.QUXUPCX",
      "timestamp": 1266088101
    },
    {
      "name": "XIBH.HINBCFF",
      "timestamp": 1266088022
    },
    {
      "name": "KCFFCUG.AUNN",
      "timestamp": 1266087955
    },
    {
      "name": "FYVYWWU.PLUXFYS",
      "timestamp": 1263664044
    },
    {
      "name": "SFFCINN.TCYFXCHA;ACFFYL",
      "timestamp": 1263663725
    },
    {
      "name": "BCPYH.QOLNCM;KIIXWIWE",
      "timestamp": 1253959654
    },
    {
      "name": "FILS.KUNMIH",
      "timestamp": 1253959652
    },
    {
      "name": "QBLCM.VYXAYM",
      "timestamp": 1253959413
    },
    {
      "name": "ACLU.OXBCEULC",
      "timestamp": 1250524198
    },
    {
      "name": "VOAB.QLIMM",
      "timestamp": 1250523051
    },
    {
      "name": "YUC.AYHHYEYH",
      "timestamp": 1250523013
    },
    {
      "name": "XUMJYL.TLIMN",
      "timestamp": 1250522997
    },
    {
      "name": "XUGCY.YUSY",
      "timestamp": 1246485442
    },
    {
      "name": "AULE.FIWBGUH",
      "timestamp": 1246485367
    },
    {
      "name": "GYVUMNCUH.AULNS",
      "timestamp": 1246485364
    },
    {
      "name": "VYFYH.AWKBCHHCY",
      "timestamp": 1246485360
    },
    {
      "name": "ZIOCMY.KUFMB",
      "timestamp": 1244900995
    },
    {
      "name": "AUNN.FCWBULXM",
      "timestamp": 1243702414
    },
    {
      "name": "FUGLUD.DOPCHUNBUH",
      "timestamp": 1243352855
    },
    {
      "name": "GIJBCY.AURQYFF",
      "timestamp": 1243352848
    },
    {
      "name": "PYH.VOFGY",
      "timestamp": 1243352842
    },
    {
      "name": "FIV.KBYUNFYS",
      "timestamp": 1243352841
    },
    {
      "name": "YUNCY.OFCWY.AUWXIHUFX",
      "timestamp": 1243352839
    },
    {
      "name": "OFFS.AUHMZCYFX",
      "timestamp": 1243352835
    },
    {
      "name": "OFYRUHXLU.KCFFYGM",
      "timestamp": 1243352141
    },
    {
      "name": "GWINN.AIILY",
      "timestamp": 1243352021
    },
    {
      "name": "BUVCF.RBUFU",
      "timestamp": 1243352018
    },
    {
      "name": "HUHSU.PYFFM",
      "timestamp": 1234553140
    },
    {
      "name": "WHCAI.JUF",
      "timestamp": 1234553113
    },
    {
      "name": "TLYXXCY.VILLIWEM",
      "timestamp": 1234553107
    },
    {
      "name": "FIV.DULEYL",
      "timestamp": 1234553106
    },
    {
      "name": "QBULFCY.ACXXFYNIH",
      "timestamp": 1231244364
    },
    {
      "name": "KCFF.QIIE",
      "timestamp": 1231244305
    },
    {
      "name": "DBCFCJ.YCG",
      "timestamp": 1231244300
    },
    {
      "name": "OLNBOL.FIVCDHM",
      "timestamp": 1231244284
    },
    {
      "name": "MIOMMYZ.SFABUTIOFC",
      "timestamp": 1231244283
    },
    {
      "name": "QBULFCY.POWBUHUH",
      "timestamp": 1231244281
    },
    {
      "name": "XIY.KIIXQULX",
      "timestamp": 1223929502
    },
    {
      "name": "GUG.RUSUH",
      "timestamp": 1223273825
    },
    {
      "name": "OLUH.SUMQULUGIBUH",
      "timestamp": 1223273821
    },
    {
      "name": "ULYAIL.FYCX",
      "timestamp": 1220369560
    },
    {
      "name": "AUHIO.FIFFUHX",
      "timestamp": 1220369555
    },
    {
      "name": "PO>>X>PO>>UEPO>>X>PO>>VFPO>>X>PO>>VWPO>>X>PO>>VFPO>>X?PO>>F@PO>>X>PO>>V>.PO>>X>PO>>GVPO>>X?PO>>FCPO>>X>PO>>V>PO>>X>PO>>VWPO>>X>PO>>V>PO>>X>PO>>VDPO>>X>PO>>V>PO>>X>PO>>VZPO>>X>PO>>VYPO>>X>PO>>V@PO>>X>PO>>V>",
      "timestamp": 1446808411,
      "marked_as_spam": true
    },
    {
      "name": "AULE.VOGJBLYSM",
      "timestamp": 1304118817,
      "marked_as_spam": true
    },
    {
      "name": "IDO.CZILXOG",
      "timestamp": 1303909528,
      "marked_as_spam": true
    }
  ]
}