{
  "deleted_friends": [
    {
      "name": "PLSUHU.GNYPYHYL",
      "timestamp": 1569748421
    },
    {
      "name": "OHAOM.DCHEYLNIH",
      "timestamp": 1556323447
    },
    {
      "name": "BUNUMBU.DLCWY",
      "timestamp": 1518289414
    },
    {
      "name": "TCHFUS.YYHHYNB",
      "timestamp": 1506004423
    },
    {
      "name": "SNBUH.KLIY",
      "timestamp": 1496225021
    },
    {
      "name": "RIG.QFULEY",
      "timestamp": 1492617567
    },
    {
      "name": "BUNBUH.DUNLCWE.EOCHH",
      "timestamp": 1492616133
    },
    {
      "name": "AUR.AIMM",
      "timestamp": 1492344692
    },
    {
      "name": "CGYL.CIMGUH",
      "timestamp": 1482595967
    },
    {
      "name": "GYUH.XIBHHS;DUNLCWE.ZUQFIL",
      "timestamp": 1480413784
    },
    {
      "name": "HYH.SMUH",
      "timestamp": 1475022403
    },
    {
      "name": "UYULULX.AUW.UOUFLUCW",
      "timestamp": 1470521835
    },
    {
      "name": "OFCGUGS.PUHAOLU.G",
      "timestamp": 1469393206
    },
    {
      "name": "ZCMU.QUNBYLCHY.OHHY",
      "timestamp": 1469271566
    },
    {
      "name": "ACEY.XYFFS",
      "timestamp": 1446403907
    },
    {
      "name": "OUSOMB.DUNYF",
      "timestamp": 1307730133
    },
    {
      "name": "Ami 'luigi' Toso",
      "timestamp": 1307730121
    },
    {
      "name": "UYILACHU.AULAULYN",
      "timestamp": 1274617108
    }
  ]
}