{
  "sent_requests": [
    {
      "name": "AYYM.KCYFCHAU",
      "timestamp": 1548421187
    },
    {
      "name": "OMCYL.PYLBUHY",
      "timestamp": 1520007002
    },
    {
      "name": "GULUB.XUFUFC",
      "timestamp": 1510803613
    },
    {
      "name": "OFYR.QOLLCY",
      "timestamp": 1505673585
    },
    {
      "name": "OFYR.QLYQM",
      "timestamp": 1458845367
    },
    {
      "name": "UOS.WM;NYH",
      "timestamp": 1272800470
    },
    {
      "name": "UYILAY.OFFYH",
      "timestamp": 1269788958
    },
    {
      "name": "XUEY.PISFY",
      "timestamp": 1244274779
    },
    {
      "name": "XUWE.ROLUHN",
      "timestamp": 1243363840
    },
    {
      "name": "XIY.CLNCT",
      "timestamp": 1243363803
    }
  ]
}