{
  "archived_stories": [
    {
      "timestamp": 1573420567,
      "attachments": [
        {
          "data": [
            {
              "media": {
                "uri": "photos_and_videos/your_posts/75210182_10162710654340717_4152194117700419584_o_10162710654330717.jpg",
                "creation_timestamp": 1573506971,
                "media_metadata": {
                  "photo_metadata": {
                    "upload_ip": "90.248.64.111"
                  }
                },
                "title": ""
              }
            }
          ]
        }
      ],
      "data": [
        
      ],
      "title": "A photo from ACWBUYF.XYFFS's story was added to his archive."
    },
    {
      "timestamp": 1558393166,
      "attachments": [
        {
          "data": [
            {
              "media": {
                "uri": "photos_and_videos/your_posts/60977440_10161943860225717_1820924305093951488_o_10161943860190717.jpg",
                "creation_timestamp": 1558479570,
                "media_metadata": {
                  "photo_metadata": {
                    "upload_ip": "85.255.236.217"
                  }
                },
                "title": ""
              }
            }
          ]
        }
      ],
      "data": [
        
      ],
      "title": "A photo from ACWBUYF.XYFFS's story was added to his archive."
    },
    {
      "timestamp": 1548452402,
      "attachments": [
        {
          "data": [
            {
              "media": {
                "uri": "photos_and_videos/your_posts/51018155_10161502590195717_3472256470681124864_o_10161502590185717.jpg",
                "creation_timestamp": 1548538805,
                "media_metadata": {
                  "photo_metadata": {
                    "upload_ip": "90.255.51.141"
                  }
                },
                "title": ""
              }
            }
          ]
        }
      ],
      "data": [
        
      ],
      "title": "A photo from ACWBUYF.XYFFS's story was added to his archive."
    },
    {
      "timestamp": 1543843220,
      "attachments": [
        {
          "data": [
            {
              "media": {
                "uri": "photos_and_videos/your_posts/47293039_10161304556880717_5107148214423781376_n_10161304556875717.jpg",
                "creation_timestamp": 1543929628,
                "media_metadata": {
                  "photo_metadata": {
                    "upload_ip": "90.255.51.141"
                  }
                },
                "title": "",
                "description": "The man himself for unsavoury comparison"
              }
            }
          ]
        }
      ],
      "data": [
        
      ],
      "title": "A photo from ACWBUYF.XYFFS's story was added to his archive."
    },
    {
      "timestamp": 1543843219,
      "attachments": [
        {
          "data": [
            {
              "media": {
                "uri": "photos_and_videos/your_posts/47500457_10161304556825717_948780283098824704_n_10161304556820717.jpg",
                "creation_timestamp": 1543929627,
                "media_metadata": {
                  "photo_metadata": {
                    "upload_ip": "90.255.51.141"
                  }
                },
                "title": "",
                "description": "My real reaction"
              }
            }
          ]
        }
      ],
      "data": [
        
      ],
      "title": "A photo from ACWBUYF.XYFFS's story was added to his archive."
    },
    {
      "timestamp": 1543843218,
      "attachments": [
        {
          "data": [
            {
              "media": {
                "uri": "photos_and_videos/your_posts/47386128_10161304556775717_3697531108833886208_n_10161304556770717.jpg",
                "creation_timestamp": 1543929626,
                "media_metadata": {
                  "photo_metadata": {
                    "upload_ip": "90.255.51.141"
                  }
                },
                "title": "",
                "description": "The bit below the moustache kind of looks like the Batman symbol?"
              }
            }
          ]
        }
      ],
      "data": [
        
      ],
      "title": "A photo from ACWBUYF.XYFFS's story was added to his archive."
    },
    {
      "timestamp": 1543843217,
      "attachments": [
        {
          "data": [
            {
              "media": {
                "uri": "photos_and_videos/your_posts/47390614_10161304556740717_6982189017253019648_n_10161304556735717.jpg",
                "creation_timestamp": 1543929625,
                "media_metadata": {
                  "photo_metadata": {
                    "upload_ip": "90.255.51.141"
                  }
                },
                "title": "",
                "description": "Quite enjoyed the beard \u00f0\u009f\u0098\u00a2"
              }
            }
          ]
        }
      ],
      "data": [
        
      ],
      "title": "A photo from ACWBUYF.XYFFS's story was added to his archive."
    },
    {
      "timestamp": 1543843216,
      "attachments": [
        {
          "data": [
            {
              "media": {
                "uri": "photos_and_videos/your_posts/47683057_10161304556700717_8783299878001311744_o_10161304556690717.jpg",
                "creation_timestamp": 1543929624,
                "media_metadata": {
                  "photo_metadata": {
                    "upload_ip": "90.255.51.141"
                  }
                },
                "title": ""
              }
            }
          ]
        }
      ],
      "data": [
        
      ],
      "title": "A photo from ACWBUYF.XYFFS's story was added to his archive."
    }
  ]
}