{
  "pages_unfollowed": [
    {
      "timestamp": 1574639941,
      "data": [
        {
          "name": "GiveMeSport"
        }
      ],
      "title": "GiveMeSport"
    },
    {
      "timestamp": 1532614958,
      "data": [
        {
          "name": "People's Vote UK"
        }
      ],
      "title": "People's Vote UK"
    },
    {
      "timestamp": 1523901121,
      "data": [
        {
          "name": "Meme Extreme"
        }
      ],
      "title": "Meme Extreme"
    },
    {
      "timestamp": 1523444800,
      "data": [
        {
          "name": "Bring Back Still Game"
        }
      ],
      "title": "Bring Back Still Game"
    },
    {
      "timestamp": 1522845477,
      "data": [
        {
          "name": "Jay Shetty"
        }
      ],
      "title": "Jay Shetty"
    },
    {
      "timestamp": 1509660283,
      "data": [
        {
          "name": "Kim Jong Un's Dank Meme Storage Facility"
        }
      ],
      "title": "Kim Jong Un's Dank Meme Storage Facility"
    },
    {
      "timestamp": 1506634877,
      "data": [
        {
          "name": "Sensible Politics Debate"
        }
      ],
      "title": "Sensible Politics Debate"
    },
    {
      "timestamp": 1501946978,
      "data": [
        {
          "name": "UK Politics Debate"
        }
      ],
      "title": "UK Politics Debate"
    },
    {
      "timestamp": 1501758655,
      "data": [
        {
          "name": "PUK Politics Group"
        }
      ],
      "title": "PUK Politics Group"
    },
    {
      "timestamp": 1501427360,
      "data": [
        {
          "name": "UK Conservative Debating Group"
        }
      ],
      "title": "UK Conservative Debating Group"
    },
    {
      "timestamp": 1501074024,
      "data": [
        {
          "name": "The Heart of British Politics"
        }
      ],
      "title": "The Heart of British Politics"
    },
    {
      "timestamp": 1498689928,
      "data": [
        {
          "name": "Young Lefty Society"
        }
      ],
      "title": "Young Lefty Society"
    },
    {
      "timestamp": 1498689924,
      "data": [
        {
          "name": "Young Lefty Society"
        }
      ],
      "title": "Young Lefty Society"
    },
    {
      "timestamp": 1479776470,
      "data": [
        {
          "name": "Atheist Whores"
        }
      ],
      "title": "Atheist Whores"
    },
    {
      "timestamp": 1475757348,
      "data": [
        {
          "name": "Bath Basketball"
        }
      ],
      "title": "Bath Basketball"
    },
    {
      "timestamp": 1474329996,
      "data": [
        {
          "name": "Similar Cinema"
        }
      ],
      "title": "Similar Cinema"
    },
    {
      "timestamp": 1470521664,
      "data": [
        {
          "name": "Harlequins Rugby Union"
        }
      ],
      "title": "Harlequins Rugby Union"
    },
    {
      "timestamp": 1469255973,
      "data": [
        {
          "name": "tSA Original"
        }
      ],
      "title": "tSA Original"
    },
    {
      "timestamp": 1462981588,
      "data": [
        {
          "name": "Daily Kos"
        }
      ],
      "title": "Daily Kos"
    }
  ]
}