{
  "admin_records": [
    {
      "event": "Username",
      "session": {
        "created_timestamp": 1523215563,
        "ip_address": "92.232.108.14",
        "user_agent": "",
        "datr_cookie": ""
      }
    },
    {
      "event": "Username",
      "session": {
        "created_timestamp": 1523215563,
        "ip_address": "92.232.108.14",
        "user_agent": "",
        "datr_cookie": ""
      }
    },
    {
      "event": "Credit Card/Coupon Action",
      "session": {
        "created_timestamp": 1516652222,
        "ip_address": "92.232.108.14",
        "user_agent": "Mozilla/5.0 (Windows NT 6.3; Win64; x64) AppleWebKit/537.36 (KHTML, like Gecko) Chrome/63.0.3239.132 Safari/537.36",
        "datr_cookie": "-Q-N********************"
      }
    },
    {
      "event": "Password Change",
      "session": {
        "created_timestamp": 1514941304,
        "ip_address": "90.252.9.119",
        "user_agent": "Mozilla/5.0 (iPhone; CPU iPhone OS 9_3_2 like Mac OS X) AppleWebKit/601.1.46 (KHTML, like Gecko) Mobile/13F69 [FBAN/MessengerForiOS;FBAV/147.0.0.50.87;FBBV/84235609;FBDV/iPhone5,2;FBMD/iPhone;FBSN/iPhone OS;FBSV/9.3.2;FBSS/2;FBCR/vodafoneUK;FBID/phone;FBLC/en_GB;FBOP/5;FBRV/0]",
        "datr_cookie": "ditM********************"
      }
    },
    {
      "event": "Checkpoint completed",
      "session": {
        "created_timestamp": 1506100978,
        "ip_address": "92.232.108.14",
        "user_agent": "",
        "datr_cookie": ""
      }
    },
    {
      "event": "Password Change",
      "session": {
        "created_timestamp": 1506100947,
        "ip_address": "92.232.108.14",
        "user_agent": "Mozilla/5.0 (Windows NT 6.3; Win64; x64) AppleWebKit/537.36 (KHTML, like Gecko) Chrome/61.0.3163.91 Safari/537.36",
        "datr_cookie": "-Q-N********************"
      }
    },
    {
      "event": "Checkpoint completed",
      "session": {
        "created_timestamp": 1505777224,
        "ip_address": "92.232.108.14",
        "user_agent": "",
        "datr_cookie": ""
      }
    },
    {
      "event": "Password Change",
      "session": {
        "created_timestamp": 1505777196,
        "ip_address": "92.232.108.14",
        "user_agent": "Mozilla/5.0 (Windows NT 6.3; Win64; x64) AppleWebKit/537.36 (KHTML, like Gecko) Chrome/60.0.3112.113 Safari/537.36",
        "datr_cookie": "-Q-N********************"
      }
    },
    {
      "event": "Username",
      "session": {
        "created_timestamp": 1453675583,
        "ip_address": "151.230.215.80",
        "user_agent": "",
        "datr_cookie": ""
      }
    },
    {
      "event": "Username",
      "session": {
        "created_timestamp": 1453675582,
        "ip_address": "151.230.215.80",
        "user_agent": "",
        "datr_cookie": ""
      }
    },
    {
      "event": "Username",
      "session": {
        "created_timestamp": 1453660532,
        "ip_address": "151.230.215.80",
        "user_agent": "",
        "datr_cookie": ""
      }
    },
    {
      "event": "Email change",
      "session": {
        "created_timestamp": 1443475399,
        "ip_address": "138.38.238.132",
        "user_agent": "Mozilla/5.0 (Windows NT 6.3; WOW64) AppleWebKit/537.36 (KHTML, like Gecko) Chrome/45.0.2454.99 Safari/537.36",
        "datr_cookie": "nwr_********************"
      }
    },
    {
      "event": "Checkpoint completed",
      "session": {
        "created_timestamp": 1435816849,
        "ip_address": "113.160.72.178",
        "user_agent": "",
        "datr_cookie": ""
      }
    },
    {
      "event": "Checkpoint completed",
      "session": {
        "created_timestamp": 1435407956,
        "ip_address": "116.98.0.61",
        "user_agent": "",
        "datr_cookie": ""
      }
    },
    {
      "event": "Checkpoint completed",
      "session": {
        "created_timestamp": 1409905614,
        "ip_address": "151.230.75.219",
        "user_agent": "",
        "datr_cookie": ""
      }
    },
    {
      "event": "Remove Profile Photo",
      "session": {
        "created_timestamp": 1398466463,
        "ip_address": "86.133.83.42",
        "user_agent": "Mozilla/5.0 (iPhone; CPU iPhone OS 7_1 like Mac OS X) AppleWebKit/537.51.2 (KHTML, like Gecko) Mobile/11D167 [FBAN/FBIOS;FBAV/8.0.0.28.18;FBBV/1665515;FBDV/iPhone4,1;FBMD/iPhone;FBSN/iPhone OS;FBSV/7.1;FBSS/2; FBCR/vodafoneUK;FBID/phone;FBLC/en_US;FBOP/5]",
        "datr_cookie": "nuda********************"
      }
    },
    {
      "event": "Checkpoint completed",
      "session": {
        "created_timestamp": 1392366003,
        "ip_address": "149.254.56.87",
        "user_agent": "",
        "datr_cookie": ""
      }
    },
    {
      "event": "Remove Profile Photo",
      "session": {
        "created_timestamp": 1377394387,
        "ip_address": "86.138.231.84",
        "user_agent": "Mozilla/5.0 (iPhone; CPU iPhone OS 6_1_3 like Mac OS X) AppleWebKit/536.26 (KHTML, like Gecko) Mobile/10B329 [FBAN/FBIOS;FBAV/6.4;FBBV/290891;FBDV/iPhone4,1;FBMD/iPhone;FBSN/iPhone OS;FBSV/6.1.3;FBSS/2; FBCR/vodafoneUK;FBID/phone;FBLC/en_US;FBOP/1]",
        "datr_cookie": "z14Z********************"
      }
    },
    {
      "event": "Gender Change",
      "session": {
        "created_timestamp": 1333098264,
        "ip_address": "81.156.166.92",
        "user_agent": "Mozilla/5.0 (Windows NT 6.1; WOW64) AppleWebKit/535.11 (KHTML, like Gecko) Chrome/17.0.963.83 Safari/535.11",
        "datr_cookie": "unZ1********************"
      }
    },
    {
      "event": "Checkpoint completed",
      "session": {
        "created_timestamp": 1307728583,
        "ip_address": "81.154.57.249",
        "user_agent": "",
        "datr_cookie": ""
      }
    },
    {
      "event": "Security question and response changed",
      "session": {
        "created_timestamp": 1294017814,
        "ip_address": "81.153.199.196",
        "user_agent": "Mozilla/4.0 (compatible; MSIE 8.0; Windows NT 6.1; WOW64; Trident/4.0; SLCC2; .NET CLR 2.0.50727; .NET CLR 3.5.30729; .NET CLR 3.0.30729; Media Center PC 6.0; HPNTDF)",
        "datr_cookie": "YBYh********************"
      }
    },
    {
      "event": "Name Change",
      "session": {
        "created_timestamp": 1291395665,
        "ip_address": "81.157.206.177",
        "user_agent": "Mozilla/5.0 (Windows; U; Windows NT 5.1; en-US; rv:1.9.2.12) Gecko/20101026 Firefox/3.6.12",
        "datr_cookie": "Ofm5********************"
      }
    },
    {
      "event": "Birthday Change",
      "session": {
        "created_timestamp": 1290367370,
        "ip_address": "81.157.206.177",
        "user_agent": "Mozilla/5.0 (Windows; U; Windows NT 5.1; en-GB; rv:1.9.0.19) Gecko/2010031422 Firefox/3.0.19 ( .NET CLR 3.5.30729)",
        "datr_cookie": "E2np********************"
      }
    },
    {
      "event": "Birthday Change",
      "session": {
        "created_timestamp": 1289600586,
        "ip_address": "81.153.195.59",
        "user_agent": "Mozilla/5.0 (Windows; U; Windows NT 5.1; en-GB; rv:1.9.0.19) Gecko/2010031422 Firefox/3.0.19 ( .NET CLR 3.5.30729)",
        "datr_cookie": "snTd********************"
      }
    }
  ]
}