{
  "account_accesses": [
    {
      "action": "Login",
      "timestamp": 1584810878,
      "site": "www.facebook.com",
      "ip_address": "90.242.3.237"
    },
    {
      "action": "Login",
      "timestamp": 1583850159,
      "site": "www.facebook.com",
      "ip_address": "90.242.3.237"
    },
    {
      "action": "Log Out",
      "timestamp": 1583330120,
      "site": "www.facebook.com",
      "ip_address": "148.252.129.114"
    },
    {
      "action": "Log Out",
      "timestamp": 1583330096,
      "site": "www.facebook.com",
      "ip_address": "148.252.129.114"
    },
    {
      "action": "Log Out",
      "timestamp": 1583310367,
      "site": "www.facebook.com",
      "ip_address": "90.252.105.36"
    },
    {
      "action": "Login",
      "timestamp": 1583310355,
      "site": "www.facebook.com",
      "ip_address": "90.252.105.36"
    },
    {
      "action": "Log Out",
      "timestamp": 1580676172,
      "site": "www.facebook.com",
      "ip_address": "170.194.32.12"
    },
    {
      "action": "Login",
      "timestamp": 1580675308,
      "site": "www.facebook.com",
      "ip_address": "170.194.32.12"
    },
    {
      "action": "Log Out",
      "timestamp": 1577210653,
      "site": "www.facebook.com",
      "ip_address": "92.1.105.241"
    },
    {
      "action": "Log Out",
      "timestamp": 1577210652,
      "site": "www.facebook.com",
      "ip_address": "92.1.105.241"
    },
    {
      "action": "Log Out",
      "timestamp": 1577210649,
      "site": "www.facebook.com",
      "ip_address": "92.1.105.241"
    },
    {
      "action": "Login",
      "timestamp": 1574715614,
      "site": "www.facebook.com",
      "ip_address": "90.252.82.197"
    },
    {
      "action": "Login",
      "timestamp": 1572983978,
      "site": "www.facebook.com",
      "ip_address": "79.173.170.234"
    },
    {
      "action": "Login",
      "timestamp": 1571844982,
      "site": "www.facebook.com",
      "ip_address": "170.194.32.12"
    },
    {
      "action": "Login",
      "timestamp": 1571070976,
      "site": "www.facebook.com",
      "ip_address": "170.194.32.58"
    },
    {
      "action": "Login",
      "timestamp": 1569930147,
      "site": "www.facebook.com",
      "ip_address": "170.194.32.42"
    },
    {
      "action": "Login",
      "timestamp": 1568849604,
      "site": "www.facebook.com",
      "ip_address": "212.49.215.19"
    },
    {
      "action": "Login",
      "timestamp": 1568758366,
      "site": "www.facebook.com",
      "ip_address": "212.49.215.19"
    },
    {
      "action": "Login",
      "timestamp": 1567708433,
      "site": "www.facebook.com",
      "ip_address": "90.240.215.32"
    },
    {
      "action": "Login",
      "timestamp": 1567705873,
      "site": "www.facebook.com",
      "ip_address": "90.240.215.32"
    },
    {
      "action": "Login",
      "timestamp": 1566901164,
      "site": "www.facebook.com",
      "ip_address": "90.240.215.32"
    },
    {
      "action": "Login",
      "timestamp": 1566747413,
      "site": "www.facebook.com",
      "ip_address": "90.240.215.32"
    },
    {
      "action": "Login",
      "timestamp": 1565976610,
      "site": "www.facebook.com",
      "ip_address": "167.98.125.201"
    },
    {
      "action": "Login",
      "timestamp": 1565551754,
      "site": "www.facebook.com",
      "ip_address": "83.185.89.163"
    },
    {
      "action": "Login",
      "timestamp": 1565537689,
      "site": "www.facebook.com",
      "ip_address": "77.218.246.37"
    },
    {
      "action": "Login",
      "timestamp": 1565535747,
      "site": "www.facebook.com",
      "ip_address": "77.218.246.37"
    },
    {
      "action": "Login",
      "timestamp": 1565535383,
      "site": "www.facebook.com",
      "ip_address": "77.218.246.37"
    },
    {
      "action": "Login",
      "timestamp": 1565535378,
      "site": "www.facebook.com",
      "ip_address": "77.218.246.37"
    },
    {
      "action": "Log Out",
      "timestamp": 1563024739,
      "site": "www.facebook.com",
      "ip_address": "213.205.240.132"
    },
    {
      "action": "Login",
      "timestamp": 1563024647,
      "site": "www.facebook.com",
      "ip_address": "213.205.240.132"
    },
    {
      "action": "Log Out",
      "timestamp": 1563023206,
      "site": "www.facebook.com",
      "ip_address": "213.205.240.132"
    },
    {
      "action": "Login",
      "timestamp": 1563023205,
      "site": "www.facebook.com",
      "ip_address": "213.205.240.132"
    },
    {
      "action": "Login",
      "timestamp": 1563022796,
      "site": "www.facebook.com",
      "ip_address": "213.205.240.132"
    },
    {
      "action": "Log Out",
      "timestamp": 1563022752,
      "site": "www.facebook.com",
      "ip_address": "213.205.240.132"
    },
    {
      "action": "Login",
      "timestamp": 1563022744,
      "site": "www.facebook.com",
      "ip_address": "213.205.240.132"
    },
    {
      "action": "Login",
      "timestamp": 1562952967,
      "site": "www.facebook.com",
      "ip_address": "85.255.235.167"
    },
    {
      "action": "Login",
      "timestamp": 1562514119,
      "site": "www.facebook.com",
      "ip_address": "148.252.128.52"
    },
    {
      "action": "Login",
      "timestamp": 1562367903,
      "site": "www.facebook.com",
      "ip_address": "85.255.232.8"
    },
    {
      "action": "Login",
      "timestamp": 1562367835,
      "site": "www.facebook.com",
      "ip_address": "85.255.232.8"
    },
    {
      "action": "Login",
      "timestamp": 1560120649,
      "site": "www.facebook.com",
      "ip_address": "85.255.233.95"
    },
    {
      "action": "Login",
      "timestamp": 1558719201,
      "site": "www.facebook.com",
      "ip_address": "85.255.235.167"
    },
    {
      "action": "Log Out",
      "timestamp": 1556530922,
      "site": "www.facebook.com",
      "ip_address": "90.252.124.65"
    },
    {
      "action": "Login",
      "timestamp": 1556357084,
      "site": "www.facebook.com",
      "ip_address": "77.81.11.135"
    },
    {
      "action": "Login",
      "timestamp": 1553191024,
      "site": "www.facebook.com",
      "ip_address": "90.252.76.162"
    },
    {
      "action": "Login",
      "timestamp": 1549286374,
      "site": "www.facebook.com",
      "ip_address": "144.82.8.85"
    },
    {
      "action": "Login",
      "timestamp": 1549286326,
      "site": "www.facebook.com",
      "ip_address": "144.82.8.85"
    },
    {
      "action": "Login",
      "timestamp": 1548323112,
      "site": "www.facebook.com",
      "ip_address": "128.41.9.30"
    },
    {
      "action": "Login",
      "timestamp": 1547733635,
      "site": "www.facebook.com",
      "ip_address": "128.40.176.132"
    },
    {
      "action": "Login",
      "timestamp": 1547731692,
      "site": "www.facebook.com",
      "ip_address": "128.40.176.132"
    },
    {
      "action": "Login",
      "timestamp": 1544040814,
      "site": "www.facebook.com",
      "ip_address": "128.41.38.80"
    },
    {
      "action": "Login",
      "timestamp": 1543189972,
      "site": "www.facebook.com",
      "ip_address": "2a02:c7d:4204:ee00:ecd6:19ba:f1c7:1190"
    },
    {
      "action": "Login",
      "timestamp": 1543180512,
      "site": "www.facebook.com",
      "ip_address": "2a02:c7d:4204:ee00:ecd6:19ba:f1c7:1190"
    }
  ]
}