{
  "login_protection_data": [
    {
      "name": "Cookie: fUt2********************",
      "session": {
        "created_timestamp": 1585352133,
        "ip_address": "90.242.3.237"
      }
    },
    {
      "name": "IP address: 90.242.3.237",
      "session": {
        "created_timestamp": 1583387852,
        "updated_timestamp": 1584807832,
        "ip_address": "90.242.3.237"
      }
    },
    {
      "name": "Estimated location inferred from IP 51.52, -0.136",
      "session": {
        "created_timestamp": 1331993134,
        "updated_timestamp": 1584785333
      }
    },
    {
      "name": "IP address: 185.69.144.194",
      "session": {
        "created_timestamp": 1566594183,
        "updated_timestamp": 1584314090,
        "ip_address": "185.69.144.194"
      }
    },
    {
      "name": "IP address: 85.255.234.83",
      "session": {
        "created_timestamp": 1557331724,
        "updated_timestamp": 1584097821,
        "ip_address": "85.255.234.83"
      }
    },
    {
      "name": "IP address: 86.14.129.1",
      "session": {
        "created_timestamp": 1583699398,
        "ip_address": "86.14.129.1"
      }
    },
    {
      "name": "IP address: 85.255.232.244",
      "session": {
        "created_timestamp": 1564699477,
        "updated_timestamp": 1583622584,
        "ip_address": "85.255.232.244"
      }
    },
    {
      "name": "IP address: 85.255.235.171",
      "session": {
        "created_timestamp": 1563217711,
        "updated_timestamp": 1583595540,
        "ip_address": "85.255.235.171"
      }
    },
    {
      "name": "Cookie: 3xD7********************",
      "session": {
        "created_timestamp": 1543362640,
        "updated_timestamp": 1583387852,
        "ip_address": "90.255.51.141"
      }
    },
    {
      "name": "IP address: 90.255.37.240",
      "session": {
        "created_timestamp": 1583361004,
        "ip_address": "90.255.37.240"
      }
    },
    {
      "name": "Estimated location inferred from IP 50.952, 0.12799999999999",
      "session": {
        "created_timestamp": 1583361004,
        "ip_address": "90.255.37.240"
      }
    },
    {
      "name": "IP address: 148.252.129.92",
      "session": {
        "created_timestamp": 1485816270,
        "updated_timestamp": 1583330095,
        "ip_address": "148.252.129.92"
      }
    },
    {
      "name": "Cookie: EmZf********************",
      "session": {
        "created_timestamp": 1583328549,
        "ip_address": "85.255.233.62"
      }
    },
    {
      "name": "IP address: 85.255.233.102",
      "session": {
        "created_timestamp": 1566487345,
        "updated_timestamp": 1583328549,
        "ip_address": "85.255.233.102"
      }
    },
    {
      "name": "Cookie: aXOw********************",
      "session": {
        "created_timestamp": 1571844982,
        "updated_timestamp": 1583071367,
        "ip_address": "170.194.32.12"
      }
    },
    {
      "name": "IP address: 90.252.105.36",
      "session": {
        "created_timestamp": 1583071367,
        "ip_address": "90.252.105.36"
      }
    },
    {
      "name": "Estimated location inferred from IP 50.816, -0.136",
      "session": {
        "created_timestamp": 1546466267,
        "updated_timestamp": 1583066114,
        "ip_address": "90.255.51.141"
      }
    },
    {
      "name": "IP address: 90.254.62.132",
      "session": {
        "created_timestamp": 1583066114,
        "ip_address": "90.254.62.132"
      }
    },
    {
      "name": "IP address: 82.17.25.193",
      "session": {
        "created_timestamp": 1583013608,
        "ip_address": "82.17.25.193"
      }
    },
    {
      "name": "Cookie: J8Vc********************",
      "session": {
        "created_timestamp": 1562514118,
        "updated_timestamp": 1583013608,
        "ip_address": "148.252.128.52"
      }
    },
    {
      "name": "IP address: 148.252.128.244",
      "session": {
        "created_timestamp": 1476547627,
        "updated_timestamp": 1583010938,
        "ip_address": "148.252.128.244"
      }
    },
    {
      "name": "IP address: 85.255.236.234",
      "session": {
        "created_timestamp": 1569665478,
        "updated_timestamp": 1582916222,
        "ip_address": "85.255.236.234"
      }
    },
    {
      "name": "Estimated location inferred from IP 51.04, -0.31200000000001",
      "session": {
        "created_timestamp": 1582848563,
        "ip_address": "90.255.218.236"
      }
    },
    {
      "name": "IP address: 90.255.218.236",
      "session": {
        "created_timestamp": 1582848563,
        "ip_address": "90.255.218.236"
      }
    },
    {
      "name": "IP address: 170.194.32.42",
      "session": {
        "created_timestamp": 1569930146,
        "updated_timestamp": 1582829795,
        "ip_address": "170.194.32.42"
      }
    },
    {
      "name": "IP address: 90.252.82.197",
      "session": {
        "created_timestamp": 1574361085,
        "updated_timestamp": 1582241129,
        "ip_address": "90.252.82.197"
      }
    },
    {
      "name": "IP address: 87.224.43.11",
      "session": {
        "created_timestamp": 1581778218,
        "ip_address": "87.224.43.11"
      }
    },
    {
      "name": "IP address: 85.255.237.122",
      "session": {
        "created_timestamp": 1463639019,
        "updated_timestamp": 1581763052,
        "ip_address": "85.255.237.122"
      }
    },
    {
      "name": "IP address: 185.69.145.3",
      "session": {
        "created_timestamp": 1551463210,
        "updated_timestamp": 1581529066,
        "ip_address": "185.69.145.3"
      }
    },
    {
      "name": "IP address: 137.221.158.242",
      "session": {
        "created_timestamp": 1566819439,
        "updated_timestamp": 1581273608,
        "ip_address": "137.221.158.242"
      }
    },
    {
      "name": "Cookie: fdTB********************",
      "session": {
        "created_timestamp": 1572983977,
        "updated_timestamp": 1581096575,
        "ip_address": "79.173.170.234"
      }
    },
    {
      "name": "IP address: 212.161.96.90",
      "session": {
        "created_timestamp": 1581096575,
        "ip_address": "212.161.96.90"
      }
    },
    {
      "name": "Cookie: f3k6********************",
      "session": {
        "created_timestamp": 1580890495,
        "ip_address": "90.252.82.197"
      }
    },
    {
      "name": "IP address: 80.169.95.162",
      "session": {
        "created_timestamp": 1580754278,
        "ip_address": "80.169.95.162"
      }
    },
    {
      "name": "Cookie: 9jA3********************",
      "session": {
        "created_timestamp": 1580676172,
        "ip_address": "170.194.32.12"
      }
    },
    {
      "name": "Cookie: 6zA3********************",
      "session": {
        "created_timestamp": 1580675307,
        "ip_address": "170.194.32.12"
      }
    },
    {
      "name": "Cookie: lw82********************",
      "session": {
        "created_timestamp": 1580601239,
        "ip_address": "90.252.82.197"
      }
    },
    {
      "name": "Cookie: f4cw********************",
      "session": {
        "created_timestamp": 1580238719,
        "ip_address": "85.255.235.28"
      }
    },
    {
      "name": "IP address: 89.197.133.42",
      "session": {
        "created_timestamp": 1580044751,
        "ip_address": "89.197.133.42"
      }
    },
    {
      "name": "IP address: 87.224.68.141",
      "session": {
        "created_timestamp": 1579347172,
        "ip_address": "87.224.68.141"
      }
    },
    {
      "name": "IP address: 46.253.189.212",
      "session": {
        "created_timestamp": 1578762375,
        "ip_address": "46.253.189.212"
      }
    },
    {
      "name": "Estimated location inferred from IP 45.456, 6.984",
      "session": {
        "created_timestamp": 1578737756,
        "ip_address": "90.42.135.229"
      }
    },
    {
      "name": "IP address: 90.42.135.229",
      "session": {
        "created_timestamp": 1578737756,
        "ip_address": "90.42.135.229"
      }
    },
    {
      "name": "IP address: 178.250.211.131",
      "session": {
        "created_timestamp": 1578451694,
        "ip_address": "178.250.211.131"
      }
    },
    {
      "name": "IP address: 2a03:4980:b:3600:6480:eb04:7e8a:e688",
      "session": {
        "created_timestamp": 1578437292,
        "ip_address": "2a03:4980:b:3600:6480:eb04:7e8a:e688"
      }
    },
    {
      "name": "Estimated location inferred from IP 46.248, 6.104",
      "session": {
        "created_timestamp": 1578437292,
        "ip_address": "2a03:4980:b:3600:6480:eb04:7e8a:e688"
      }
    },
    {
      "name": "Estimated location inferred from IP 51.128, -0.048000000000002",
      "session": {
        "created_timestamp": 1573374915,
        "updated_timestamp": 1578422870,
        "ip_address": "92.1.105.241"
      }
    },
    {
      "name": "IP address: 62.252.205.65",
      "session": {
        "created_timestamp": 1578422065,
        "ip_address": "62.252.205.65"
      }
    },
    {
      "name": "Estimated location inferred from IP 52.488, -1.896",
      "session": {
        "created_timestamp": 1577975055,
        "ip_address": "90.240.196.157"
      }
    },
    {
      "name": "IP address: 90.240.196.157",
      "session": {
        "created_timestamp": 1577975055,
        "ip_address": "90.240.196.157"
      }
    },
    {
      "name": "IP address: 82.124.11.245",
      "session": {
        "created_timestamp": 1577880602,
        "ip_address": "82.124.11.245"
      }
    },
    {
      "name": "Estimated location inferred from IP 48.888, 2.152",
      "session": {
        "created_timestamp": 1577880602,
        "ip_address": "82.124.11.245"
      }
    },
    {
      "name": "IP address: 195.6.194.17",
      "session": {
        "created_timestamp": 1577782257,
        "ip_address": "195.6.194.17"
      }
    },
    {
      "name": "Estimated location inferred from IP 48.84, 2.328",
      "session": {
        "created_timestamp": 1577782257,
        "ip_address": "195.6.194.17"
      }
    },
    {
      "name": "Estimated location inferred from IP 51.128, 0.83199999999999",
      "session": {
        "created_timestamp": 1577354286,
        "ip_address": "78.148.30.168"
      }
    },
    {
      "name": "IP address: 78.148.30.168",
      "session": {
        "created_timestamp": 1577354286,
        "ip_address": "78.148.30.168"
      }
    },
    {
      "name": "IP address: 86.177.147.58",
      "session": {
        "created_timestamp": 1577111811,
        "ip_address": "86.177.147.58"
      }
    },
    {
      "name": "Estimated location inferred from IP 51.08, 0.56800000000001",
      "session": {
        "created_timestamp": 1401739695,
        "updated_timestamp": 1577013782
      }
    },
    {
      "name": "IP address: 92.1.105.241",
      "session": {
        "created_timestamp": 1573374915,
        "updated_timestamp": 1577013782,
        "ip_address": "92.1.105.241"
      }
    },
    {
      "name": "IP address: 86.187.161.181",
      "session": {
        "created_timestamp": 1576884923,
        "ip_address": "86.187.161.181"
      }
    },
    {
      "name": "Cookie: 10Dc********************",
      "session": {
        "created_timestamp": 1574715613,
        "ip_address": "90.252.82.197"
      }
    },
    {
      "name": "IP address: 82.43.74.66",
      "session": {
        "created_timestamp": 1574113277,
        "ip_address": "82.43.74.66"
      }
    },
    {
      "name": "IP address: 90.254.53.215",
      "session": {
        "created_timestamp": 1574000409,
        "ip_address": "90.254.53.215"
      }
    },
    {
      "name": "Estimated location inferred from IP 50.816, -0.57599999999999",
      "session": {
        "created_timestamp": 1573902026,
        "ip_address": "90.252.81.177"
      }
    },
    {
      "name": "IP address: 90.252.81.177",
      "session": {
        "created_timestamp": 1573902026,
        "ip_address": "90.252.81.177"
      }
    },
    {
      "name": "IP address: 185.104.136.17",
      "session": {
        "created_timestamp": 1573723273,
        "ip_address": "185.104.136.17"
      }
    },
    {
      "name": "IP address: 86.14.128.64",
      "session": {
        "created_timestamp": 1573412346,
        "ip_address": "86.14.128.64"
      }
    },
    {
      "name": "Cookie: RqDG********************",
      "session": {
        "created_timestamp": 1573298249,
        "ip_address": "90.248.64.111"
      }
    },
    {
      "name": "IP address: 90.248.64.111",
      "session": {
        "created_timestamp": 1566652956,
        "updated_timestamp": 1573298249,
        "ip_address": "90.248.64.111"
      }
    },
    {
      "name": "IP address: 79.173.170.234",
      "session": {
        "created_timestamp": 1572980606,
        "ip_address": "79.173.170.234"
      }
    },
    {
      "name": "IP address: 82.163.116.164",
      "session": {
        "created_timestamp": 1572792715,
        "ip_address": "82.163.116.164"
      }
    },
    {
      "name": "Cookie: gQNl********************",
      "session": {
        "created_timestamp": 1566901164,
        "updated_timestamp": 1572792715,
        "ip_address": "90.240.215.32"
      }
    },
    {
      "name": "IP address: 90.252.73.129",
      "session": {
        "created_timestamp": 1572653420,
        "ip_address": "90.252.73.129"
      }
    },
    {
      "name": "IP address: 167.98.162.101",
      "session": {
        "created_timestamp": 1571736777,
        "ip_address": "167.98.162.101"
      }
    },
    {
      "name": "Cookie: TFqB********************",
      "session": {
        "created_timestamp": 1568758365,
        "updated_timestamp": 1571736777,
        "ip_address": "212.49.215.19"
      }
    },
    {
      "name": "Estimated location inferred from IP 53.416, -2.944",
      "session": {
        "created_timestamp": 1571736777,
        "ip_address": "167.98.162.101"
      }
    },
    {
      "name": "IP address: 167.98.16.78",
      "session": {
        "created_timestamp": 1571658473,
        "ip_address": "167.98.16.78"
      }
    },
    {
      "name": "Cookie: Eati********************",
      "session": {
        "created_timestamp": 1566747412,
        "updated_timestamp": 1571569111,
        "ip_address": "90.240.215.32"
      }
    },
    {
      "name": "IP address: 94.118.158.239",
      "session": {
        "created_timestamp": 1571569111,
        "ip_address": "94.118.158.239"
      }
    },
    {
      "name": "IP address: 217.138.43.186",
      "session": {
        "created_timestamp": 1571129900,
        "ip_address": "217.138.43.186"
      }
    },
    {
      "name": "Cookie: 86Ok********************",
      "session": {
        "created_timestamp": 1571070974,
        "ip_address": "170.194.32.58"
      }
    },
    {
      "name": "IP address: 94.173.144.3",
      "session": {
        "created_timestamp": 1570889800,
        "ip_address": "94.173.144.3"
      }
    },
    {
      "name": "IP address: 5.148.125.98",
      "session": {
        "created_timestamp": 1569831235,
        "ip_address": "5.148.125.98"
      }
    },
    {
      "name": "Cookie: v76C********************",
      "session": {
        "created_timestamp": 1568849604,
        "ip_address": "212.49.215.19"
      }
    },
    {
      "name": "Estimated location inferred from IP 51.696, -1.984",
      "session": {
        "created_timestamp": 1568560205,
        "ip_address": "212.49.215.19"
      }
    },
    {
      "name": "IP address: 212.49.215.19",
      "session": {
        "created_timestamp": 1568560205,
        "ip_address": "212.49.215.19"
      }
    },
    {
      "name": "IP address: 5.148.51.52",
      "session": {
        "created_timestamp": 1568309168,
        "ip_address": "5.148.51.52"
      }
    },
    {
      "name": "Cookie: CFVx********************",
      "session": {
        "created_timestamp": 1567708432,
        "ip_address": "90.240.215.32"
      }
    },
    {
      "name": "IP address: 90.240.215.32",
      "session": {
        "created_timestamp": 1561715925,
        "updated_timestamp": 1567705872,
        "ip_address": "90.240.215.32"
      }
    },
    {
      "name": "Cookie: DEtx********************",
      "session": {
        "created_timestamp": 1567705872,
        "ip_address": "90.240.215.32"
      }
    },
    {
      "name": "IP address: 217.138.130.162",
      "session": {
        "created_timestamp": 1567602440,
        "ip_address": "217.138.130.162"
      }
    },
    {
      "name": "IP address: 2a01:4b00:827c:d000:f159:80e7:141b:264",
      "session": {
        "created_timestamp": 1558891717,
        "updated_timestamp": 1567351065,
        "ip_address": "2a01:4b00:827c:d000:f159:80e7:141b:264"
      }
    },
    {
      "name": "IP address: 31.54.38.194",
      "session": {
        "created_timestamp": 1567256877,
        "ip_address": "31.54.38.194"
      }
    },
    {
      "name": "IP address: 109.144.210.162",
      "session": {
        "created_timestamp": 1567009894,
        "ip_address": "109.144.210.162"
      }
    },
    {
      "name": "IP address: 2001:41d0:800:16a4::",
      "session": {
        "created_timestamp": 1566909665,
        "ip_address": "2001:41d0:800:16a4::"
      }
    },
    {
      "name": "Cookie: H6-4********************",
      "session": {
        "created_timestamp": 1472379209,
        "updated_timestamp": 1566594183
      }
    },
    {
      "name": "Cookie: -Q-N********************",
      "session": {
        "created_timestamp": 1452591478,
        "updated_timestamp": 1566487345
      }
    },
    {
      "name": "IP address: 195.143.129.232",
      "session": {
        "created_timestamp": 1566303122,
        "ip_address": "195.143.129.232"
      }
    },
    {
      "name": "IP address: 92.207.152.138",
      "session": {
        "created_timestamp": 1566235230,
        "ip_address": "92.207.152.138"
      }
    },
    {
      "name": "Cookie: HuhW********************",
      "session": {
        "created_timestamp": 1565976609,
        "ip_address": "167.98.125.201"
      }
    },
    {
      "name": "IP address: 167.98.125.201",
      "session": {
        "created_timestamp": 1558177003,
        "updated_timestamp": 1565976609,
        "ip_address": "167.98.125.201"
      }
    },
    {
      "name": "IP address: 77.218.243.161",
      "session": {
        "created_timestamp": 1565877939,
        "ip_address": "77.218.243.161"
      }
    },
    {
      "name": "Estimated location inferred from IP 55.872, -4.264",
      "session": {
        "created_timestamp": 1565859487,
        "ip_address": "217.163.51.137"
      }
    },
    {
      "name": "IP address: 217.163.51.137",
      "session": {
        "created_timestamp": 1565859487,
        "ip_address": "217.163.51.137"
      }
    },
    {
      "name": "IP address: 62.30.149.228",
      "session": {
        "created_timestamp": 1565727095,
        "ip_address": "62.30.149.228"
      }
    },
    {
      "name": "Estimated location inferred from IP 55.608, 12.96",
      "session": {
        "created_timestamp": 1565546810,
        "ip_address": "83.185.89.163"
      }
    },
    {
      "name": "IP address: 83.185.89.163",
      "session": {
        "created_timestamp": 1565546810,
        "ip_address": "83.185.89.163"
      }
    },
    {
      "name": "IP address: 192.41.125.253",
      "session": {
        "created_timestamp": 1565540610,
        "ip_address": "192.41.125.253"
      }
    },
    {
      "name": "Cookie: qsm0********************",
      "session": {
        "created_timestamp": 1565535375,
        "ip_address": "77.218.246.37"
      }
    },
    {
      "name": "IP address: 77.218.246.37",
      "session": {
        "created_timestamp": 1565535375,
        "ip_address": "77.218.246.37"
      }
    },
    {
      "name": "Estimated location inferred from IP 59.344, 18.056",
      "session": {
        "created_timestamp": 1540988390,
        "updated_timestamp": 1565535375,
        "ip_address": "2001:6b0:1:1041:d932:184f:5dee:75be"
      }
    },
    {
      "name": "Estimated location inferred from IP 55.96, -3.208",
      "session": {
        "created_timestamp": 1564841230,
        "updated_timestamp": 1565457121,
        "ip_address": "185.73.152.139"
      }
    },
    {
      "name": "IP address: 86.161.117.4",
      "session": {
        "created_timestamp": 1565457121,
        "ip_address": "86.161.117.4"
      }
    },
    {
      "name": "IP address: 92.9.81.171",
      "session": {
        "created_timestamp": 1565362648,
        "ip_address": "92.9.81.171"
      }
    },
    {
      "name": "IP address: 146.199.116.28",
      "session": {
        "created_timestamp": 1565229369,
        "ip_address": "146.199.116.28"
      }
    },
    {
      "name": "IP address: 165.120.176.205",
      "session": {
        "created_timestamp": 1565185159,
        "ip_address": "165.120.176.205"
      }
    },
    {
      "name": "IP address: 80.209.139.169",
      "session": {
        "created_timestamp": 1565041732,
        "ip_address": "80.209.139.169"
      }
    },
    {
      "name": "IP address: 192.41.131.255",
      "session": {
        "created_timestamp": 1565007854,
        "ip_address": "192.41.131.255"
      }
    },
    {
      "name": "IP address: 2a00:23c5:3814:c001:30cd:bcea:6383:3390",
      "session": {
        "created_timestamp": 1564861029,
        "ip_address": "2a00:23c5:3814:c001:30cd:bcea:6383:3390"
      }
    },
    {
      "name": "IP address: 185.73.152.139",
      "session": {
        "created_timestamp": 1564841230,
        "ip_address": "185.73.152.139"
      }
    },
    {
      "name": "IP address: 82.17.24.129",
      "session": {
        "created_timestamp": 1564525721,
        "ip_address": "82.17.24.129"
      }
    },
    {
      "name": "IP address: 94.30.19.124",
      "session": {
        "created_timestamp": 1563815144,
        "ip_address": "94.30.19.124"
      }
    },
    {
      "name": "IP address: 51.7.28.22",
      "session": {
        "created_timestamp": 1563446724,
        "ip_address": "51.7.28.22"
      }
    },
    {
      "name": "Estimated location inferred from IP 51.256, 0.47999999999999",
      "session": {
        "created_timestamp": 1563357249,
        "ip_address": "185.49.75.133"
      }
    },
    {
      "name": "IP address: 185.49.75.133",
      "session": {
        "created_timestamp": 1563357249,
        "ip_address": "185.49.75.133"
      }
    },
    {
      "name": "IP address: 78.148.22.48",
      "session": {
        "created_timestamp": 1563200471,
        "ip_address": "78.148.22.48"
      }
    },
    {
      "name": "IP address: 144.82.9.234",
      "session": {
        "created_timestamp": 1562959363,
        "ip_address": "144.82.9.234"
      }
    },
    {
      "name": "Estimated location inferred from IP 44.048, 1.184",
      "session": {
        "created_timestamp": 1561885926,
        "ip_address": "37.247.91.220"
      }
    },
    {
      "name": "IP address: 37.247.91.220",
      "session": {
        "created_timestamp": 1530901661,
        "updated_timestamp": 1561885926,
        "ip_address": "37.247.91.220"
      }
    },
    {
      "name": "Estimated location inferred from IP 23.136, -82.4",
      "session": {
        "created_timestamp": 1560265067,
        "updated_timestamp": 1561244340,
        "ip_address": "152.207.174.49"
      }
    },
    {
      "name": "IP address: 152.207.249.78",
      "session": {
        "created_timestamp": 1561244340,
        "ip_address": "152.207.249.78"
      }
    },
    {
      "name": "IP address: 152.206.224.100",
      "session": {
        "created_timestamp": 1560970782,
        "ip_address": "152.206.224.100"
      }
    },
    {
      "name": "Estimated location inferred from IP 22.52, -79.504",
      "session": {
        "created_timestamp": 1560970782,
        "ip_address": "152.206.224.100"
      }
    },
    {
      "name": "Estimated location inferred from IP 22.256, -78.624",
      "session": {
        "created_timestamp": 1560632577,
        "ip_address": "152.206.223.81"
      }
    },
    {
      "name": "IP address: 152.206.223.81",
      "session": {
        "created_timestamp": 1560632577,
        "ip_address": "152.206.223.81"
      }
    },
    {
      "name": "Estimated location inferred from IP 22.52, -83.544",
      "session": {
        "created_timestamp": 1560563706,
        "ip_address": "152.207.231.82"
      }
    },
    {
      "name": "IP address: 152.207.231.82",
      "session": {
        "created_timestamp": 1560563706,
        "ip_address": "152.207.231.82"
      }
    },
    {
      "name": "IP address: 152.207.224.192",
      "session": {
        "created_timestamp": 1560386400,
        "ip_address": "152.207.224.192"
      }
    },
    {
      "name": "Estimated location inferred from IP 22.432, -83.72",
      "session": {
        "created_timestamp": 1560386400,
        "ip_address": "152.207.224.192"
      }
    },
    {
      "name": "IP address: 152.207.201.67",
      "session": {
        "created_timestamp": 1560352360,
        "ip_address": "152.207.201.67"
      }
    },
    {
      "name": "IP address: 152.207.174.49",
      "session": {
        "created_timestamp": 1560265067,
        "ip_address": "152.207.174.49"
      }
    },
    {
      "name": "Estimated location inferred from IP 43.568, 7.16",
      "session": {
        "created_timestamp": 1559903691,
        "ip_address": "213.44.230.27"
      }
    },
    {
      "name": "IP address: 213.44.230.27",
      "session": {
        "created_timestamp": 1559903691,
        "ip_address": "213.44.230.27"
      }
    },
    {
      "name": "IP address: 90.252.34.120",
      "session": {
        "created_timestamp": 1559233839,
        "ip_address": "90.252.34.120"
      }
    },
    {
      "name": "Estimated location inferred from IP 51.256, -1.104",
      "session": {
        "created_timestamp": 1559233839,
        "ip_address": "90.252.34.120"
      }
    },
    {
      "name": "IP address: 90.252.63.134",
      "session": {
        "created_timestamp": 1559144177,
        "ip_address": "90.252.63.134"
      }
    },
    {
      "name": "Estimated location inferred from IP 51.392, 0.039999999999992",
      "session": {
        "created_timestamp": 1559033810,
        "ip_address": "90.252.99.86"
      }
    },
    {
      "name": "Estimated location inferred from IP 51.696, -3.032",
      "session": {
        "created_timestamp": 1558834081,
        "ip_address": "90.252.99.86"
      }
    },
    {
      "name": "IP address: 90.252.99.86",
      "session": {
        "created_timestamp": 1558834081,
        "ip_address": "90.252.99.86"
      }
    },
    {
      "name": "Estimated location inferred from IP 53.584, -2.688",
      "session": {
        "created_timestamp": 1557185108,
        "ip_address": "90.252.124.65"
      }
    },
    {
      "name": "IP address: 90.252.124.65",
      "session": {
        "created_timestamp": 1554980551,
        "updated_timestamp": 1557185108,
        "ip_address": "90.252.124.65"
      }
    },
    {
      "name": "IP address: 81.99.216.93",
      "session": {
        "created_timestamp": 1556567499,
        "ip_address": "81.99.216.93"
      }
    },
    {
      "name": "IP address: 90.252.18.151",
      "session": {
        "created_timestamp": 1554626633,
        "ip_address": "90.252.18.151"
      }
    },
    {
      "name": "Estimated location inferred from IP 51.216, 1.36",
      "session": {
        "created_timestamp": 1554626633,
        "ip_address": "90.252.18.151"
      }
    },
    {
      "name": "IP address: 90.240.242.199",
      "session": {
        "created_timestamp": 1553816435,
        "ip_address": "90.240.242.199"
      }
    },
    {
      "name": "Estimated location inferred from IP 46.16, 7.336",
      "session": {
        "created_timestamp": 1553636165,
        "ip_address": "178.237.86.178"
      }
    },
    {
      "name": "Cookie: ZdCT********************",
      "session": {
        "created_timestamp": 1553191024,
        "ip_address": "90.252.76.162"
      }
    },
    {
      "name": "Cookie: 3ztY********************",
      "session": {
        "created_timestamp": 1549286374,
        "ip_address": "144.82.8.85"
      }
    },
    {
      "name": "Cookie: pztY********************",
      "session": {
        "created_timestamp": 1549286326,
        "ip_address": "144.82.8.85"
      }
    },
    {
      "name": "Cookie: 0zX7********************",
      "session": {
        "created_timestamp": 1543578489,
        "updated_timestamp": 1549145962,
        "ip_address": "144.82.8.26"
      }
    },
    {
      "name": "Estimated location inferred from IP 51.216, -1.456",
      "session": {
        "created_timestamp": 1549145962,
        "ip_address": "90.242.234.102"
      }
    },
    {
      "name": "Estimated location inferred from IP 50.992, -1.28",
      "session": {
        "created_timestamp": 1537629823,
        "updated_timestamp": 1549121401,
        "ip_address": "90.255.31.49"
      }
    },
    {
      "name": "Cookie: fopA********************",
      "session": {
        "created_timestamp": 1547733635,
        "ip_address": "128.40.176.132"
      }
    },
    {
      "name": "Cookie: VjEI********************",
      "session": {
        "created_timestamp": 1544040813,
        "updated_timestamp": 1547731692,
        "ip_address": "128.41.38.80"
      }
    },
    {
      "name": "Estimated location inferred from IP 0.015999999999991, 0.039999999999992",
      "session": {
        "created_timestamp": 1530901661,
        "updated_timestamp": 1547731692,
        "ip_address": "37.247.91.220"
      }
    }
  ]
}