{
  "installed_apps": [
    {
      "name": "Houseparty",
      "added_timestamp": 1584796721
    },
    {
      "name": "Pinterest",
      "added_timestamp": 1581027512
    },
    {
      "name": "Startup Rocket",
      "added_timestamp": 1580055620
    },
    {
      "name": "Eurostar Snap",
      "added_timestamp": 1577373499
    },
    {
      "name": "Codecademy",
      "added_timestamp": 1576712481
    },
    {
      "name": "citizenme",
      "added_timestamp": 1575677125
    },
    {
      "name": "Kapten",
      "added_timestamp": 1570988497
    },
    {
      "name": "Hub of All Things",
      "added_timestamp": 1558184219
    },
    {
      "name": "Hinge",
      "added_timestamp": 1549583666
    },
    {
      "name": "digi.me",
      "added_timestamp": 1549286332
    },
    {
      "name": "DUSK",
      "added_timestamp": 1543515640
    },
    {
      "name": "Freelancer.com",
      "added_timestamp": 1543512211
    },
    {
      "name": "Movember",
      "added_timestamp": 1542371948
    },
    {
      "name": "Airtasker",
      "added_timestamp": 1532718106
    },
    {
      "name": "mytf1",
      "added_timestamp": 1530901993
    },
    {
      "name": "Spotify",
      "added_timestamp": 1530194708
    },
    {
      "name": "Tinder",
      "added_timestamp": 1523565495
    },
    {
      "name": "Kickstarter",
      "added_timestamp": 1521115977
    },
    {
      "name": "OLIO",
      "added_timestamp": 1518634292
    },
    {
      "name": "OpenSports",
      "added_timestamp": 1517715703
    },
    {
      "name": "Lost In TV",
      "added_timestamp": 1513426672
    },
    {
      "name": "FREE NOW",
      "added_timestamp": 1512053485
    },
    {
      "name": "Meetup",
      "added_timestamp": 1509808437
    },
    {
      "name": "Evensi",
      "added_timestamp": 1507460379
    },
    {
      "name": "IMDb",
      "added_timestamp": 1506268843
    },
    {
      "name": "Wingly",
      "added_timestamp": 1500971408
    },
    {
      "name": "The Inner Circle",
      "added_timestamp": 1500883028
    },
    {
      "name": "Greencopper Event",
      "added_timestamp": 1500033539
    },
    {
      "name": "Circle",
      "added_timestamp": 1499722717
    },
    {
      "name": "Busaba app",
      "added_timestamp": 1499100558
    },
    {
      "name": "Resident Advisor",
      "added_timestamp": 1495558475
    },
    {
      "name": "Goodreads",
      "added_timestamp": 1495452917
    },
    {
      "name": "Franco Manca",
      "added_timestamp": 1492780406
    },
    {
      "name": "Event Genius ID",
      "added_timestamp": 1492377940
    },
    {
      "name": "Couchsurfing",
      "added_timestamp": 1492210084
    },
    {
      "name": "Booking.com",
      "added_timestamp": 1492208834
    },
    {
      "name": "JustGiving",
      "added_timestamp": 1489405311
    },
    {
      "name": "Eventim - UK",
      "added_timestamp": 1488023411
    },
    {
      "name": "Jinn",
      "added_timestamp": 1487080829
    },
    {
      "name": "Aeon",
      "added_timestamp": 1481634124
    },
    {
      "name": "Inkling",
      "added_timestamp": 1481246787
    },
    {
      "name": "Too Good To Go",
      "added_timestamp": 1480733392
    },
    {
      "name": "FIXR",
      "added_timestamp": 1480532552
    },
    {
      "name": "Ticketea",
      "added_timestamp": 1480415242
    },
    {
      "name": "Quora",
      "added_timestamp": 1479994552
    },
    {
      "name": "Oxfam Republic of You",
      "added_timestamp": 1479724910
    },
    {
      "name": "bcg-perspectives",
      "added_timestamp": 1477616422
    },
    {
      "name": "Just Eat UK",
      "added_timestamp": 1476407057
    },
    {
      "name": "RFU Engage Live",
      "added_timestamp": 1467461759
    },
    {
      "name": "Shpock",
      "added_timestamp": 1466036644
    },
    {
      "name": "Wakelet",
      "added_timestamp": 1462831195
    },
    {
      "name": "BuzzFeed",
      "added_timestamp": 1460654181
    },
    {
      "name": "OSVehicle AccessPress",
      "added_timestamp": 1459377352
    },
    {
      "name": "Product Hunt",
      "added_timestamp": 1456822860
    },
    {
      "name": "TikTok",
      "added_timestamp": 1456705518
    },
    {
      "name": "Disqus",
      "added_timestamp": 1455752683
    },
    {
      "name": "Fatsoma",
      "added_timestamp": 1454103854
    },
    {
      "name": "Fever",
      "added_timestamp": 1453628045
    },
    {
      "name": "SpareRoom.co.uk",
      "added_timestamp": 1452451034
    },
    {
      "name": "Uber",
      "added_timestamp": 1450679322
    },
    {
      "name": "9GAG",
      "added_timestamp": 1437816866
    },
    {
      "name": "GIG BUDDY",
      "added_timestamp": 1409790760
    },
    {
      "name": "QuizUp",
      "added_timestamp": 1385842116
    },
    {
      "name": "Clash of Clans",
      "added_timestamp": 1383015570
    },
    {
      "name": "Quidco Single Sign-in",
      "added_timestamp": 1383014321
    },
    {
      "name": "The Independent",
      "added_timestamp": 1383010446
    },
    {
      "name": "Draw Something",
      "added_timestamp": 1383009457
    },
    {
      "name": "Channel 4",
      "added_timestamp": 1382969240
    },
    {
      "name": "The Guardian",
      "added_timestamp": 1382942214
    },
    {
      "name": "Scribd",
      "added_timestamp": 1382926674
    },
    {
      "name": "FarmVille",
      "added_timestamp": 1382911322
    },
    {
      "name": "Marketplace",
      "added_timestamp": 1380871212
    },
    {
      "name": "Causes",
      "added_timestamp": 1380871132
    }
  ]
}