{
  "profile": {
    "name": {
      "full_name": "ACWBUYF.XYFFS",
      "first_name": "ACWBUYF",
      "middle_name": "",
      "last_name": "XYFFS"
    },
    "emails": {
      "emails": [
        "ACWB@XYFFSmail.net",
        "ACWBUYF@XYFFSmail.net"
      ],
      "previous_emails": [
        "ACWBUYF.XYFFS.568@facebook.com"
      ],
      "pending_emails": [
        
      ],
      "ad_account_emails": [
        
      ]
    },
    "birthday": {
      "year": 1996,
      "month": 8,
      "day": 28
    },
    "gender": {
      "gender_option": "MALE",
      "pronoun": "MALE"
    },
    "previous_names": [
      {
        "name": "ACWBUYF XYFS",
        "timestamp": 1291395665
      }
    ],
    "other_names": [
      
    ],
    "current_city": {
      "name": "London, United Kingdom",
      "timestamp": 0
    },
    "hometown": {
      "name": "London, United Kingdom",
      "timestamp": 0
    },
    "relationship": {
      "status": "Single"
    },
    "education_experiences": [
      {
        "name": "Brancork School",
        "start_timestamp": 1251788400,
        "end_timestamp": 1404111600,
        "graduated": true,
        "concentrations": [
          
        ],
        "school_type": "High School"
      }
    ],
    "work_experiences": [
      
    ],
    "languages": [
      "English language",
      "French",
      "Spanish language",
      "Italian language"
    ],
    "religious_view": {
      "name": "Philosophy",
      "description": "Logic"
    },
    "address": {
      "street": "Somewhere in",
      "city": "London",
      "zipcode": "",
      "neighborhood": "",
      "country": "United Kingdom",
      "country_code": "GB",
      "region": ""
    },
    "pages": [
      {
        "name": "Interests",
        "pages": [
          "BBC Question Time",
          "Eating",
          "Rugby union"
        ]
      },
      {
        "name": "Music",
        "pages": [
          "Vance Joy",
          "John Lennon",
          "Pushpin",
          "Classic FM",
          "imara",
          "Aquilo",
          "Frances",
          "Akala",
          "LBC",
          "Matt Ginno",
          "Halsey",
          "THE HUNNA",
          "Scouting For Girls",
          "Bipolar Sunshine",
          "Hudson Taylor",
          "Catfish and the Bottlemen",
          "LaCr\u00c3\u00a8me",
          "Vaughan Music",
          "Rihanna",
          "GuyMac",
          "Blink-182",
          "Linkin Park"
        ]
      },
      {
        "name": "Books",
        "pages": [
          "A Song of Ice and Fire"
        ]
      },
      {
        "name": "Movies",
        "pages": [
          "Loving Vincent",
          "Transformers",
          "Gladiator",
          "Inception"
        ]
      },
      {
        "name": "Television",
        "pages": [
          "Klepper",
          "BBC iPlayer",
          "Mock The Week Fans",
          "Thug Notes",
          "The Tonight Show Starring Jimmy Fallon",
          "Last Week Tonight with John Oliver",
          "The Daily Show",
          "Have I Got News For You",
          "Very British Problems",
          "8 Out of 10 Cats",
          "Black Books",
          "Studio C",
          "Family Guy",
          "How I Met Your Mother",
          "Misfits"
        ]
      },
      {
        "name": "Other",
        "pages": [
          "Project Access",
          "Speck&Tech",
          "Firefox",
          "Facebook Hacker Cup",
          "Facebook for Developers",
          "Facebook Data Science",
          "Facebook Security",
          "Microsoft Research",
          "Facebook Engineering",
          "Uxbridge & South Ruislip Labour Party",
          "Ali Milani",
          "Humans of the Grand Exchange",
          "Facebook AI",
          "Ned and Tom Tutoring",
          "Led By Donkeys",
          "Nikki Glaser",
          "Obama Foundation",
          "Humans of Late Capitalism",
          "People you may not know about, but probably should",
          "Mono Moose",
          "Sean Lock Memes",
          "Boobs Guns Freedom Beer and TRUMP 2: Dale Earnheart Jr\u00e2\u0080\u0099s revenge",
          "The Man",
          "Jaboukie",
          "Inhumans of late capitalism",
          "Fully Automated Luxury Gay Space Communism",
          "Marc Rebillet",
          "Jerry Seinfeld",
          "University Entrepreneurs",
          "University Data Science Society",
          "University Technology Society",
          "University Artificial Intelligence Society",
          "Jordan Peterson's Neverneverland Ranch for High IQ Lost Boys",
          "Paul Chowdhry",
          "Dant\u00c3\u00a9 K Photography",
          "Beto O'Rourke",
          "Jacobin magazine",
          "People's Vote UK",
          "A call to all citizens",
          "Robert Peston",
          "Nagy D\u00c3\u00a9nes Andr\u00c3\u00a1s",
          "Konditor",
          "Peter Kyle MP",
          "Labour Students",
          "Stella Creasy",
          "Between the Scenes",
          "Talos",
          "Universityove",
          "Gabriel Gundacker",
          "Peak Guardian",
          "Pantera Bianca",
          "Stewart Lee",
          "Ad Sinistram",
          "Patriotic Millionaires",
          "Books I Didn't Read",
          "Students Supporting Street Kids University",
          "University Musical Theatre Society",
          "University Live Music Society",
          "Left Wing Political Bible",
          "Mae Martin",
          "The Panoptic",
          "Bobcat In A Box",
          "Jeremy Corbyn",
          "Institute for Fiscal Studies",
          "Classically Classical Classics Memes",
          "TED-Ed",
          "Goalcast",
          "teleSUR English",
          "Pride in London",
          "The Colourful Garden Company",
          "Shit Academics Say",
          "Hard Drive",
          "TORY TRUMP CARDS",
          "Wholesome Comics",
          "LGBTQ@Facebook",
          "The Hard Times",
          "Nationalized Memes for Comrade Corbyn's Teens",
          "POLITICO",
          "Congressman Joe Kennedy III",
          "Andy Borowitz",
          "Wil Aime",
          "U.S. Senator Elizabeth Warren",
          "Economic Sociology and Political Economy",
          "Noam Chomsky",
          "December 12 Shitposting Social Club",
          "New Statesman",
          "The Labour Party",
          "Financial Times",
          "Humans of Ancient Greece",
          "Channel 4 News Democracy",
          "\u00ef\u00bc\u00a4\u00ef\u00bd\u0089\u00ef\u00bd\u0093\u00ef\u00bd\u0094\u00ef\u00bd\u0095\u00ef\u00bd\u0092\u00ef\u00bd\u0082\u00ef\u00bd\u0089\u00ef\u00bd\u008e\u00ef\u00bd\u0087_\u00ef\u00bd\u0082\u00ef\u00bd\u008f\u00ef\u00bd\u008f\u00ef\u00bd\u008b\u00ef\u00bd\u0083\u00ef\u00bd\u008c\u00ef\u00bd\u0095\u00ef\u00bd\u0082",
          "BBC Newsnight",
          "The New Yorker Cartoons",
          "The New Yorker",
          "The XKCD Feed",
          "JOE.co.uk",
          "Gabriel Lindsay",
          "Wholesome Memes",
          "Dennis Skinner",
          "Owen Jones",
          "Caroline Lucas",
          "BBC Politics",
          "Romesh Ranganathan",
          "Kovic",
          "BBC",
          "Effective Altruism Global",
          "Star Wars",
          "80,000 Hours",
          "Jonah Hill",
          "Premier League",
          "God save our gracious meme",
          "Mathematical Memes for Logarithmically Scaled Teens",
          "Shappi Khorsandi",
          "London Varsity Series",
          "Nature",
          "University Memes for Light-Guided Teens",
          "QZ",
          "Patrick Rothfuss",
          "Things full of beans that shouldn't be full of beans",
          "The Only Way Is Still Galloway",
          "Rhett and Link",
          "Stop Funding Hate",
          "Yes To Ilyas",
          "Evonomics: The Next Evolution of Economics",
          "James Hamblin",
          "NowThis Future",
          "Weronika Dorociak",
          "Students' Union University",
          "DUST",
          "No Context Peep Show",
          "Very Trump Problems",
          "Kim Jong-un",
          "Atheist Global",
          "Philosophy Matters",
          "BBC Three",
          "In My Newsfeed",
          "Happy Place",
          "Memebridge",
          "KCL European Society",
          "The Philosophy Foundation",
          "Aeon",
          "Benefit fraud? I'm more concerned with corporate fraud.",
          "Philip DeFranco",
          "HOPE not hate",
          "Trebuchet memes",
          "Project Syndicate",
          "NASA - National Aeronautics and Space Administration",
          "Bill Gates",
          "Dave McElfatrick",
          "Rob DenBleyker",
          "Kris Wilson",
          "NBA",
          "Third Leg Studios",
          "Futurism",
          "Trust me, I'm a \"Biologist\"",
          "John Oliver",
          "BBC Culture",
          "Le Monde diplomatique in English",
          "EvolvePolitics",
          "Comedy",
          "Guardian Science",
          "The New York Times",
          "BBC Future",
          "University - School of Public Policy / Political Science",
          "Barack Obama",
          "Joe Biden",
          "Dank Memes Melt Steel Beams",
          "Political Bible",
          "Worldwide Bernie Sanders Supporters",
          "Leo Lightfoot",
          "ScienceAlert",
          "1984 - the Play",
          "Comemenism",
          "Crippling Things",
          "Michelle Obama",
          "Pexels",
          "Trifty - Consumer Buying Guide",
          "Rugbypicture",
          "Nick Hanauer",
          "University Men's Basketball",
          "Food Federation University",
          "University",
          "New Scientist",
          "Atheist Jesus Resurrected",
          "Godless",
          "Harvard Business Review",
          "The Wall Street Journal",
          "Bloomberg",
          "The Oatmeal",
          "Sassy Socialist Memes",
          "Greg James",
          "Philosophical Atheism",
          "God",
          "The Hacksmith",
          "Another Angry Voice",
          "Hashem Al-Ghaili",
          "BBC News",
          "David G. McAfee",
          "Nicolas Cage as Everyone",
          "Sadiq Khan",
          "Elizabeth Warren",
          "Classical Art Memes",
          "Christopher Hitchens",
          "Frankie Boyle",
          "The Translator",
          "Pro-Vaccine Shills for Big Pharma, the Illumanati, Reptilians, and the NWO",
          "Loose Aussie - Alex Williamson",
          "TechCrunch",
          "Elon Musk",
          "Quartz",
          "Bill Maher",
          "David Mitchell (actor)",
          "Jimmy Carr",
          "Richard Ayoade",
          "Bill Bailey",
          "Dylan Moran",
          "Nihilist Memes",
          "Bernie Sanders",
          "The Atlantic",
          "TED",
          "U.S. Senator Bernie Sanders",
          "NHS for a People's Vote",
          "Scientists for EU",
          "Betron",
          "Jonathan Pie",
          "The Economist",
          "Robert Downey Jr",
          "Richard Dawkins Foundation for Reason & Science",
          "Freedom From Religion Foundation",
          "Open Motors",
          "The Guardian",
          "Rough Roman Memes",
          "Existential Comics",
          "Ricky Gervais",
          "Spain's Holidays",
          "Emma Thompson",
          "Lee Mack",
          "Jon Richardson",
          "Reginald D Hunter",
          "When you're at Bath Uni",
          "Jeremy Kaplowitz",
          "Bath Hat Society",
          "Beast",
          "NewsThump",
          "Piques",
          "Curtis Lepore",
          "The Daily Mash",
          "Simon Pegg",
          "Depressing Meals",
          "BUMS Socials",
          "Nick Frost",
          "University of Bath Basketball",
          "Simon Pegg",
          "The Tab Harvard",
          "Bemanic Events",
          "University of Bath Freshers' 2015",
          "Humans of New York",
          "Seth MacFarlane",
          "Will Smith",
          "Adam Sandler",
          "I can't believe a GIRL did this because of Justin Bieber",
          "9GAG"
        ]
      },
      {
        "name": "Favorite Teams",
        "pages": [
          "University Men's Rugby Club",
          "Leicester City Football Club",
          "Chelsea Football Club",
          "Football Community",
          "Oklahoma City Thunder",
          "Harlequins Rugby Union"
        ]
      },
      {
        "name": "Favorite Athletes",
        "pages": [
          "Nigel Ref Owens",
          "Frank Lampard",
          "Conor McGregor",
          "Mesut \u00c3\u0096zil",
          "Kevin Durant",
          "Russell Westbrook",
          "Non officiel\u00c2\u00a0: Richie McCaw"
        ]
      },
      {
        "name": "Restaurants",
        "pages": [
          "Antipasteria Garbatella",
          "Ahmed's Bar B-Q (Kebab Van)"
        ]
      },
      {
        "name": "Clothing",
        "pages": [
          "Massimo Dutti",
          "Flaw Apparel"
        ]
      },
      {
        "name": "Websites",
        "pages": [
          "Piled Higher and Deeper",
          "Casually Explained",
          "The Economist: Thinking Space",
          "Google",
          "BBC Worklife",
          "BBC iWonder",
          "Very Brexit Problems",
          "History In Pictures"
        ]
      },
      {
        "name": "Inspirational People",
        "pages": [
          "Optimus Prime",
          "Obi-Wan-Kenobi",
          "Morgan Freeman"
        ]
      },
      {
        "name": "Movies watched",
        "pages": [
          "Ted",
          "The Dark Knight Trilogy",
          "Inception",
          "Transformers",
          "Gladiator",
          "Pirates of the Caribbean",
          "I Am Legend"
        ]
      },
      {
        "name": "TV shows watched",
        "pages": [
          "Family Guy",
          "The Fresh Prince of Bel-Air",
          "Wipeout Worldwide",
          "Misfits"
        ]
      }
    ],
    "groups": [
      {
        "name": "Coronavirus Support Network",
        "timestamp": 1584632257
      },
      {
        "name": "Osrs in Inappropriate Places",
        "timestamp": 1581093519
      },
      {
        "name": "Semi-Automated\u00e2\u0084\u00a2 Business-Class Radical Centrism\u00c2\u00ae",
        "timestamp": 1577020780
      },
      {
        "name": "University Data Science Society",
        "timestamp": 1568761842
      },
      {
        "name": "We Pretend It's 2007-2012 Internet",
        "timestamp": 1562768578
      },
      {
        "name": "A group where we all pretend to be boomers",
        "timestamp": 1558979832
      },
      {
        "name": "We have murdered satire and we sit on its corpse like a throne",
        "timestamp": 1557152096
      },
      {
        "name": "connaught football society",
        "timestamp": 1541212842
      },
      {
        "name": "University Men's Rugby Freshers 2018-19",
        "timestamp": 1538582669
      },
      {
        "name": "University Men's Rugby 2018-19",
        "timestamp": 1535067451
      },
      {
        "name": "Deloitte Summer Vacation Scheme 17.18",
        "timestamp": 1523868622
      },
      {
        "name": "University LGBT+ Network",
        "timestamp": 1514893459
      },
      {
        "name": "University Social Basketball",
        "timestamp": 1512654009
      },
      {
        "name": "University Philosophy Society: Related events group",
        "timestamp": 1512232223
      },
      {
        "name": "University Labour Society",
        "timestamp": 1511432197
      },
      {
        "name": "Basketball London/Camden pick up",
        "timestamp": 1509811394
      },
      {
        "name": "CONNAUGHTY F.C. est. 1903",
        "timestamp": 1507373979
      },
      {
        "name": "University Live Music Society",
        "timestamp": 1506623047
      },
      {
        "name": "University BSc Philosophy, Politics and Economics (2017 Start)",
        "timestamp": 1502883392
      },
      {
        "name": "Young LGBT+ Lefty Society",
        "timestamp": 1501368641
      },
      {
        "name": "University Men's Rugby 2017-18",
        "timestamp": 1501061440
      },
      {
        "name": "London Behavioural Economics Network",
        "timestamp": 1493303138
      },
      {
        "name": "Laidlaw Scholars 2016-2017",
        "timestamp": 1490466378
      },
      {
        "name": "1st Team Capt Election",
        "timestamp": 1490296597
      },
      {
        "name": "1st Team Capt Election",
        "timestamp": 1490296575
      },
      {
        "name": "Old Eastbournian Stags RFC",
        "timestamp": 1486222614
      },
      {
        "name": "UC Berkeley Memes For Edgy Teens",
        "timestamp": 1484930725
      },
      {
        "name": "Connaught NATIVITY",
        "timestamp": 1481392792
      },
      {
        "name": "Payangott fan club",
        "timestamp": 1480635380
      },
      {
        "name": "Connaught Poker Soc",
        "timestamp": 1479746331
      },
      {
        "name": "Pool Squad",
        "timestamp": 1478866965
      },
      {
        "name": "UniversityU Men's Rugby Freshers 2016/17",
        "timestamp": 1477933168
      },
      {
        "name": "F\u00c3\u00a9d\u00c3\u00a9ration Connaught de Football Lads",
        "timestamp": 1477659417
      },
      {
        "name": "University Sci-Fi & Fantasy Society",
        "timestamp": 1475667453
      },
      {
        "name": "PPE Transition Group",
        "timestamp": 1475316491
      },
      {
        "name": "UniversityU Mens Rugby 16/17 Freshers",
        "timestamp": 1475166213
      },
      {
        "name": "PPE at University",
        "timestamp": 1475069530
      },
      {
        "name": "Virtual Assistant Job Board \u00e2\u0080\u0094 Hire VAs & Find Remote Jobs",
        "timestamp": 1474801382
      },
      {
        "name": "Connaught Hall 2016-2017",
        "timestamp": 1472586921
      },
      {
        "name": "Similar Cinema",
        "timestamp": 1470648082
      },
      {
        "name": "King Prawns Sevens",
        "timestamp": 1466898913
      },
      {
        "name": "BSc Philosophy, Politics and Economics - 2016 Start",
        "timestamp": 1465836911
      },
      {
        "name": "The New Horsemen",
        "timestamp": 1462832293
      },
      {
        "name": "KCSOB Young Pretenders",
        "timestamp": 1459264206
      },
      {
        "name": "Bath Basketball",
        "timestamp": 1445238645
      },
      {
        "name": "Interhalls Captains",
        "timestamp": 1444594074
      },
      {
        "name": "E, QB, W and N: Interhalls Basketball",
        "timestamp": 1444434872
      },
      {
        "name": "Interhalls Basketball: Eastwood + Quads B",
        "timestamp": 1444422400
      },
      {
        "name": "Bath University",
        "timestamp": 1444132899
      },
      {
        "name": "University of Bath Maths Freshers 2015 (Unofficial)",
        "timestamp": 1442844838
      },
      {
        "name": "Eastwood A Freshers 2015",
        "timestamp": 1440945418
      },
      {
        "name": "Eastwood B Freshers 2015",
        "timestamp": 1440928223
      },
      {
        "name": "Old Boys Rugby",
        "timestamp": 1407006180
      },
      {
        "name": "Brancork School Class of 2014",
        "timestamp": 1400254305
      },
      {
        "name": "Brancork Rugby 2013",
        "timestamp": 1377347983
      },
      {
        "name": "Supervisors 2013-14",
        "timestamp": 1372096150
      },
      {
        "name": "South America Rugby & Hockey Tour Group",
        "timestamp": 1369327993
      },
      {
        "name": "Kos",
        "timestamp": 1368631845
      },
      {
        "name": "5 a-side Liga Brook sponsered by Welcome",
        "timestamp": 1368049309
      },
      {
        "name": "Brancork Student Robotics Team 2012-2013",
        "timestamp": 1354658511
      },
      {
        "name": "1st XV",
        "timestamp": 1352278377
      },
      {
        "name": "Summer Camping 08-Today",
        "timestamp": 1343379862
      },
      {
        "name": "Rugby Season 2012",
        "timestamp": 1339276208
      },
      {
        "name": "Blackberry wiped- Pins& numbers please",
        "timestamp": 1335898369
      },
      {
        "name": "New Years",
        "timestamp": 1324505164
      },
      {
        "name": "Malta Basketball Tour",
        "timestamp": 1311588321
      },
      {
        "name": "Brancork U16 A's & B's",
        "timestamp": 1310140902
      },
      {
        "name": "Wiped everything off my phone....numbers and pins please:)",
        "timestamp": 1302590609
      },
      {
        "name": "Banterbry",
        "timestamp": 1288731261
      }
    ],
    "registration_timestamp": 1196283917,
    "profile_uri": "https://www.facebook.com/ACWBUYFXYFFS"
  }
}